"","X","Video_ID","Session_ID","Colour_code","State","Condition","Bird_desc","Sat_ID","Fm_ID","Lek","Time","Date","Day","Date2","Week","Combo_lek_week","Combo_lek","X.y","group","Approach_ET","Approach_nr_JB","Fight_ET","Separation_ET","Attack_ET","Attack_res_ET","Attack_s_ET","Attack_m_ET","Attacks_approaches_ET","Attacks_approaches_res_ET","Attacks_approaches_s_ET","Attacks_approaches_m_ET","Chasing_ET","Chasing_nr_JB","Chasing_res_ET","Chasing_s_ET","Chasing_m_ET","Chasings_Patti","Chasings_Patti_res","Chasings_Patti_sat","Chasings_Patti_marg","Attacks_Patti","Attacks_res_Patti","Attacks_sat_Patti","Attacks_marg_Patti","Approach_Patti","Fight_dur_Patti","Separation_Patti"
"1",2,"Lek1_2021_506_m","506_Fm1_m_Satellite","DbLb|DbP","Total","Satellite","black/beige",NA,"Fm1","Lek1","m",506,1,1,"3","3_Lek1_3","3_Lek1",4,"group_3",5,0,5,5,0,0,0,NA,5,5,0,NA,5,0,5,0,NA,6,6,NA,NA,1,1,NA,NA,4,7.08,4
"2",5,"Lek1_2021_506_m","506_Fm1_m_Satellite","GO|LbY","Total","Satellite","Grey Tiger",NA,"Fm1","Lek1","m",506,1,1,"3","3_Lek1_3","3_Lek1",5,"group_3",2,1,2,2,1,1,0,NA,3,3,0,NA,21,19,21,0,NA,21,21,NA,NA,NA,NA,NA,NA,2,2.44,2
"3",8,"Lek1_2021_506_m","506_Fm1_m_Satellite","RG|LbDb","Total","Satellite","white",NA,"Fm1","Lek1","m",506,1,1,"3","3_Lek1_3","3_Lek1",6,"group_3",0,0,0,0,0,0,0,NA,0,0,0,NA,1,0,1,0,NA,1,1,NA,NA,1,NA,1,NA,NA,NA,NA
"4",11,"Lek1_2021_507_a","507_Fm1_a_Satellite","DbLb|DbP","Total","Satellite","black/beige",NA,"Fm1","Lek1","a",507,2,2,"3","3_Lek1_3","3_Lek1",13,"group_3",0,0,0,0,1,1,0,NA,1,1,0,NA,2,0,2,0,NA,NA,NA,NA,NA,NA,NA,NA,NA,NA,NA,NA
"5",14,"Lek1_2021_507_a","507_Fm1_a_Satellite","GO|LbY","Total","Satellite","Grey Tiger",NA,"Fm1","Lek1","a",507,2,2,"3","3_Lek1_3","3_Lek1",14,"group_3",3,3,3,3,0,0,0,NA,3,3,0,NA,22,20,22,0,NA,NA,NA,NA,NA,NA,NA,NA,NA,NA,NA,NA
"6",17,"Lek1_2021_507_a","507_Fm1_a_Satellite","RG|LbDb","Total","Satellite","white",NA,"Fm1","Lek1","a",507,2,2,"3","3_Lek1_3","3_Lek1",15,"group_3",0,0,0,0,0,0,0,NA,0,0,0,NA,0,0,0,0,NA,NA,NA,NA,NA,NA,NA,NA,NA,NA,NA,NA
"7",20,"Lek1_2021_508_m","508_Fm1_m_Satellite","DbLb|DbP","Total","Satellite","black/beige",NA,"Fm1","Lek1","m",508,3,3,"3","3_Lek1_3","3_Lek1",25,"group_3",1,0,1,1,0,0,0,NA,1,1,0,NA,2,0,2,0,NA,3,3,NA,NA,NA,NA,NA,NA,1,2.2,1
"8",23,"Lek1_2021_508_m","508_Fm1_m_Satellite","GO|LbY","Total","Satellite","Grey Tiger",NA,"Fm1","Lek1","m",508,3,3,"3","3_Lek1_3","3_Lek1",26,"group_3",1,1,1,1,2,2,0,NA,3,3,0,NA,21,15,21,0,NA,22,22,NA,NA,1,1,NA,NA,2,3.09,2
"9",26,"Lek1_2021_508_m","508_Fm1_m_Satellite","RG|LbDb","Total","Satellite","white",NA,"Fm1","Lek1","m",508,3,3,"3","3_Lek1_3","3_Lek1",27,"group_3",0,0,0,0,0,0,0,NA,0,0,0,NA,1,0,0,1,NA,1,NA,1,NA,NA,NA,NA,NA,NA,NA,NA
"10",28,"Lek1_2021_509_a","509_Fm1_a_Marginal","DbLb|DbP","Unpaired","Marginal","black/beige",NA,"Fm1","Lek1","a",509,4,4,"3","3_Lek1_3","3_Lek1",31,"group_3",2,NA,2,2,1,1,NA,0,3,3,NA,0,6,NA,6,NA,0,6,6,NA,NA,1,1,NA,NA,1,0.679,2
"11",29,"Lek1_2021_509_a","509_Fm1_a_Marginal","GO|LbY","Unpaired","Marginal","Grey Tiger",NA,"Fm1","Lek1","a",509,4,4,"3","3_Lek1_3","3_Lek1",32,"group_3",3,3,3,3,1,1,NA,0,4,4,NA,0,10,6,8,NA,2,10,9,NA,1,NA,NA,NA,NA,4,4.32,3
"12",30,"Lek1_2021_509_a","509_Fm1_a_Marginal","RG|LbDb","Unpaired","Marginal","white",NA,"Fm1","Lek1","a",509,4,4,"3","3_Lek1_3","3_Lek1",33,"group_3",0,NA,0,0,0,0,NA,0,0,0,NA,0,0,NA,0,NA,0,1,NA,NA,1,NA,NA,NA,NA,NA,NA,NA
"13",31,"Lek1_2021_510_a","510_Fm1_a_Marginal","DbLb|DbP","Unpaired","Marginal","black/beige",NA,"Fm1","Lek1","a",510,5,5,"3","3_Lek1_3","3_Lek1",43,"group_3",0,NA,0,0,0,0,NA,0,0,0,NA,0,5,NA,5,NA,0,NA,NA,NA,NA,NA,NA,NA,NA,NA,NA,NA
"14",32,"Lek1_2021_510_a","510_Fm1_a_Marginal","GO|LbY","Unpaired","Marginal","Grey Tiger",NA,"Fm1","Lek1","a",510,5,5,"3","3_Lek1_3","3_Lek1",44,"group_3",3,3,3,3,0,0,NA,0,3,3,NA,0,18,13,18,NA,0,NA,NA,NA,NA,NA,NA,NA,NA,NA,NA,NA
"15",33,"Lek1_2021_510_a","510_Fm1_a_Marginal","RG|LbDb","Unpaired","Marginal","white",NA,"Fm1","Lek1","a",510,5,5,"3","3_Lek1_3","3_Lek1",45,"group_3",0,NA,0,0,0,0,NA,0,0,0,NA,0,0,NA,0,NA,0,NA,NA,NA,NA,NA,NA,NA,NA,NA,NA,NA
"16",34,"Lek1_2021_511_a","511_Fm1_a_Marginal","DbLb|DbP","Unpaired","Marginal","black/beige",NA,"Fm1","Lek1","a",511,6,6,"3","3_Lek1_3","3_Lek1",58,"group_3",1,NA,1,1,1,1,NA,0,2,2,NA,0,4,NA,4,NA,0,NA,NA,NA,NA,NA,NA,NA,NA,NA,NA,NA
"17",35,"Lek1_2021_511_a","511_Fm1_a_Marginal","GO|LbY","Unpaired","Marginal","Grey Tiger",NA,"Fm1","Lek1","a",511,6,6,"3","3_Lek1_3","3_Lek1",59,"group_3",3,2,3,3,1,1,NA,0,4,4,NA,0,6,6,6,NA,0,NA,NA,NA,NA,NA,NA,NA,NA,NA,NA,NA
"18",36,"Lek1_2021_511_a","511_Fm1_a_Marginal","RG|LbDb","Unpaired","Marginal","white",NA,"Fm1","Lek1","a",511,6,6,"3","3_Lek1_3","3_Lek1",60,"group_3",0,NA,0,0,0,0,NA,0,0,0,NA,0,0,NA,0,NA,0,NA,NA,NA,NA,NA,NA,NA,NA,NA,NA,NA
"19",37,"Lek1_2021_512_m","512_Fm1_m_Marginal","DbLb|RLb","Unpaired","Marginal","White/black",NA,"Fm1","Lek1","m",512,1,7,"4","2_Lek1_4","2_Lek1",76,"group_6",1,1,1,1,4,4,NA,0,5,5,NA,0,12,10,12,NA,0,NA,NA,NA,NA,NA,NA,NA,NA,NA,NA,NA
"20",38,"Lek1_2021_512_m","512_Fm1_m_Marginal","GLb|GY","Unpaired","Marginal","brown black",NA,"Fm1","Lek1","m",512,1,7,"4","2_Lek1_4","2_Lek1",77,"group_6",0,NA,0,0,0,0,NA,0,0,0,NA,0,2,NA,2,NA,0,NA,NA,NA,NA,NA,NA,NA,NA,NA,NA,NA
"21",39,"Lek1_2021_512_m","512_Fm1_m_Marginal","XO|XX","Unpaired","Marginal","black/grey/beige",NA,"Fm1","Lek1","m",512,1,7,"4","2_Lek1_4","2_Lek1",78,"group_6",0,NA,0,0,0,0,NA,0,0,0,NA,0,1,NA,0,NA,1,NA,NA,NA,NA,NA,NA,NA,NA,NA,NA,NA
"22",40,"Lek1_2021_513_a","513_Fm1_a_Marginal","DbLb|RLb","Unpaired","Marginal","White/black",NA,"Fm1","Lek1","a",513,2,8,"4","2_Lek1_4","2_Lek1",85,"group_6",1,NA,1,1,1,1,NA,0,2,2,NA,0,18,NA,18,NA,0,NA,NA,NA,NA,NA,NA,NA,NA,NA,NA,NA
"23",41,"Lek1_2021_513_a","513_Fm1_a_Marginal","GLb|GY","Unpaired","Marginal","brown black",NA,"Fm1","Lek1","a",513,2,8,"4","2_Lek1_4","2_Lek1",86,"group_6",0,NA,0,0,0,0,NA,0,0,0,NA,0,0,NA,0,NA,0,NA,NA,NA,NA,NA,NA,NA,NA,NA,NA,NA
"24",42,"Lek1_2021_513_a","513_Fm1_a_Marginal","XO|XX","Unpaired","Marginal","black/grey/beige",NA,"Fm1","Lek1","a",513,2,8,"4","2_Lek1_4","2_Lek1",87,"group_6",0,NA,0,0,0,0,NA,0,0,0,NA,0,0,NA,0,NA,0,NA,NA,NA,NA,NA,NA,NA,NA,NA,NA,NA
"25",43,"Lek1_2021_514_m","514_Fm1_m_Marginal","DbLb|RLb","Unpaired","Marginal","White/black",NA,"Fm1","Lek1","m",514,3,9,"4","2_Lek1_4","2_Lek1",100,"group_6",1,1,1,1,0,0,NA,0,1,1,NA,0,4,3,4,NA,0,NA,NA,NA,NA,NA,NA,NA,NA,NA,NA,NA
"26",44,"Lek1_2021_514_m","514_Fm1_m_Marginal","GLb|GY","Unpaired","Marginal","brown black",NA,"Fm1","Lek1","m",514,3,9,"4","2_Lek1_4","2_Lek1",101,"group_6",1,NA,1,1,0,0,NA,0,1,1,NA,0,1,NA,1,NA,0,NA,NA,NA,NA,NA,NA,NA,NA,NA,NA,NA
"27",45,"Lek1_2021_514_m","514_Fm1_m_Marginal","XO|XX","Unpaired","Marginal","black/grey/beige",NA,"Fm1","Lek1","m",514,3,9,"4","2_Lek1_4","2_Lek1",102,"group_6",1,NA,1,1,1,0,NA,1,2,1,NA,1,0,NA,0,NA,0,NA,NA,NA,NA,NA,NA,NA,NA,NA,NA,NA
"28",47,"Lek1_2021_515_a","515_Fm1_a_Satellite","DbLb|RLb","Total","Satellite","White/black",NA,"Fm1","Lek1","a",515,4,10,"4","2_Lek1_4","2_Lek1",115,"group_6",2,NA,2,2,0,0,0,NA,2,2,0,NA,11,NA,11,0,NA,NA,NA,NA,NA,NA,NA,NA,NA,NA,NA,NA
"29",50,"Lek1_2021_515_a","515_Fm1_a_Satellite","GLb|GY","Total","Satellite","brown black",NA,"Fm1","Lek1","a",515,4,10,"4","2_Lek1_4","2_Lek1",116,"group_6",1,NA,1,1,0,0,0,NA,1,1,0,NA,0,NA,0,0,NA,NA,NA,NA,NA,NA,NA,NA,NA,NA,NA,NA
"30",53,"Lek1_2021_515_a","515_Fm1_a_Satellite","XO|XX","Total","Satellite","black/grey/beige",NA,"Fm1","Lek1","a",515,4,10,"4","2_Lek1_4","2_Lek1",117,"group_6",0,NA,0,0,0,0,0,NA,0,0,0,NA,0,NA,0,0,NA,NA,NA,NA,NA,NA,NA,NA,NA,NA,NA,NA
"31",56,"Lek1_2021_516_m","516_Fm1_m_Satellite","DbLb|RLb","Total","Satellite","White/black",NA,"Fm1","Lek1","m",516,5,11,"4","2_Lek1_4","2_Lek1",127,"group_6",3,4,3,3,0,0,0,NA,3,3,0,NA,7,4,7,0,NA,NA,NA,NA,NA,NA,NA,NA,NA,NA,NA,NA
"32",59,"Lek1_2021_516_m","516_Fm1_m_Satellite","GLb|GY","Total","Satellite","brown black",NA,"Fm1","Lek1","m",516,5,11,"4","2_Lek1_4","2_Lek1",128,"group_6",1,0,1,1,0,0,0,NA,1,1,0,NA,3,0,3,0,NA,NA,NA,NA,NA,NA,NA,NA,NA,NA,NA,NA
"33",62,"Lek1_2021_516_m","516_Fm1_m_Satellite","XO|XX","Total","Satellite","black/grey/beige",NA,"Fm1","Lek1","m",516,5,11,"4","2_Lek1_4","2_Lek1",129,"group_6",0,0,0,0,0,0,0,NA,0,0,0,NA,0,0,0,0,NA,NA,NA,NA,NA,NA,NA,NA,NA,NA,NA,NA
"34",65,"Lek1_2021_517_a","517_Fm1_a_Satellite","DbLb|RLb","Total","Satellite","White/black",NA,"Fm1","Lek1","a",517,6,12,"4","2_Lek1_4","2_Lek1",133,"group_6",0,NA,0,0,0,0,0,NA,0,0,0,NA,16,NA,16,0,NA,NA,NA,NA,NA,NA,NA,NA,NA,NA,NA,NA
"35",68,"Lek1_2021_517_a","517_Fm1_a_Satellite","GLb|GY","Total","Satellite","brown black",NA,"Fm1","Lek1","a",517,6,12,"4","2_Lek1_4","2_Lek1",134,"group_6",1,NA,1,1,0,0,0,NA,1,1,0,NA,5,NA,5,0,NA,NA,NA,NA,NA,NA,NA,NA,NA,NA,NA,NA
"36",71,"Lek1_2021_517_a","517_Fm1_a_Satellite","XO|XX","Total","Satellite","black/grey/beige",NA,"Fm1","Lek1","a",517,6,12,"4","2_Lek1_4","2_Lek1",135,"group_6",1,NA,1,1,1,0,1,NA,2,1,1,NA,0,NA,0,0,NA,NA,NA,NA,NA,NA,NA,NA,NA,NA,NA,NA
"37",74,"Lek1_2021_518_a","518_Fm1_a_Satellite","DbLb|DbP","Total","Satellite","black/beige",NA,"Fm1","Lek1","a",518,1,13,"5","3_Lek1_5","3_Lek1",148,"group_3",2,0,2,2,0,0,0,NA,2,2,0,NA,4,0,4,0,NA,4,4,NA,NA,NA,NA,NA,NA,2,4.72,2
"38",77,"Lek1_2021_518_a","518_Fm1_a_Satellite","GO|LbY","Total","Satellite","Grey Tiger",NA,"Fm1","Lek1","a",518,1,13,"5","3_Lek1_5","3_Lek1",149,"group_3",5,2,5,5,0,0,0,NA,5,5,0,NA,14,11,14,0,NA,14,14,NA,NA,NA,NA,NA,NA,5,11.6,5
"39",80,"Lek1_2021_518_a","518_Fm1_a_Satellite","RG|LbDb","Total","Satellite","white",NA,"Fm1","Lek1","a",518,1,13,"5","3_Lek1_5","3_Lek1",150,"group_3",0,0,0,0,0,0,0,NA,0,0,0,NA,3,0,0,3,NA,4,NA,4,NA,NA,NA,NA,NA,NA,NA,NA
"40",83,"Lek1_2021_519_m","519_Fm1_m_Satellite","DbLb|DbP","Total","Satellite","black/beige",NA,"Fm1","Lek1","m",519,2,14,"5","3_Lek1_5","3_Lek1",163,"group_3",0,0,0,0,0,0,0,NA,0,0,0,NA,7,0,7,0,NA,8,8,NA,NA,NA,NA,NA,NA,NA,NA,NA
"41",86,"Lek1_2021_519_m","519_Fm1_m_Satellite","GO|LbY","Total","Satellite","Grey Tiger",NA,"Fm1","Lek1","m",519,2,14,"5","3_Lek1_5","3_Lek1",164,"group_3",1,2,1,1,1,1,0,NA,2,2,0,NA,31,28,31,0,NA,31,31,NA,NA,1,1,NA,NA,1,2.16,1
"42",89,"Lek1_2021_519_m","519_Fm1_m_Satellite","RG|LbDb","Total","Satellite","white",NA,"Fm1","Lek1","m",519,2,14,"5","3_Lek1_5","3_Lek1",165,"group_3",0,0,0,0,0,0,0,NA,0,0,0,NA,0,0,0,0,NA,NA,NA,NA,NA,NA,NA,NA,NA,NA,NA,NA
"43",92,"Lek1_2021_520_a","520_Fm1_a_Satellite","DbLb|DbP","Total","Satellite","black/beige",NA,"Fm1","Lek1","a",520,3,15,"5","3_Lek1_5","3_Lek1",172,"group_3",2,0,2,2,0,0,0,NA,2,2,0,NA,3,0,3,0,NA,3,3,NA,NA,NA,NA,NA,NA,2,4.96,2
"44",95,"Lek1_2021_520_a","520_Fm1_a_Satellite","GO|LbY","Total","Satellite","Grey Tiger",NA,"Fm1","Lek1","a",520,3,15,"5","3_Lek1_5","3_Lek1",173,"group_3",1,2,1,1,1,1,0,NA,2,2,0,NA,14,13,14,0,NA,14,14,NA,NA,1,1,NA,NA,1,3.4,1
"45",98,"Lek1_2021_520_a","520_Fm1_a_Satellite","RG|LbDb","Total","Satellite","white",NA,"Fm1","Lek1","a",520,3,15,"5","3_Lek1_5","3_Lek1",174,"group_3",0,0,0,0,0,0,0,NA,0,0,0,NA,0,0,0,0,NA,NA,NA,NA,NA,NA,NA,NA,NA,NA,NA,NA
"46",100,"Lek1_2021_521_m","521_Fm1_m_Marginal","DbLb|DbP","Unpaired","Marginal","black/beige",NA,"Fm1","Lek1","m",521,4,16,"5","3_Lek1_5","3_Lek1",181,"group_3",1,NA,1,1,1,0,NA,1,2,1,NA,1,16,NA,6,NA,10,15,5,NA,10,1,NA,NA,1,1,1.76,1
"47",101,"Lek1_2021_521_m","521_Fm1_m_Marginal","GO|LbY","Unpaired","Marginal","Grey Tiger",NA,"Fm1","Lek1","m",521,4,16,"5","3_Lek1_5","3_Lek1",182,"group_3",1,2,1,1,0,0,NA,0,1,1,NA,0,18,12,8,NA,10,19,8,NA,11,NA,NA,NA,NA,1,1.921,1
"48",102,"Lek1_2021_521_m","521_Fm1_m_Marginal","RG|LbDb","Unpaired","Marginal","white",NA,"Fm1","Lek1","m",521,4,16,"5","3_Lek1_5","3_Lek1",183,"group_3",0,NA,0,0,0,0,NA,0,0,0,NA,0,16,NA,0,NA,16,13,NA,NA,13,NA,NA,NA,NA,NA,NA,NA
"49",103,"Lek1_2021_522_m","522_Fm1_m_Marginal","DbLb|DbP","Unpaired","Marginal","black/beige",NA,"Fm1","Lek1","m",522,5,17,"5","3_Lek1_5","3_Lek1",199,"group_3",3,NA,3,3,0,0,NA,0,3,3,NA,0,7,NA,4,NA,3,6,3,NA,3,NA,NA,NA,NA,3,5.319,3
"50",104,"Lek1_2021_522_m","522_Fm1_m_Marginal","GO|LbY","Unpaired","Marginal","Grey Tiger",NA,"Fm1","Lek1","m",522,5,17,"5","3_Lek1_5","3_Lek1",200,"group_3",1,0,1,1,0,0,NA,0,1,1,NA,0,11,5,7,NA,4,11,7,NA,4,NA,NA,NA,NA,1,0.76,1
"51",105,"Lek1_2021_522_m","522_Fm1_m_Marginal","RG|LbDb","Unpaired","Marginal","white",NA,"Fm1","Lek1","m",522,5,17,"5","3_Lek1_5","3_Lek1",201,"group_3",1,NA,1,1,0,0,NA,0,1,0,NA,1,10,NA,0,NA,10,11,NA,NA,11,NA,NA,NA,NA,1,1.84,1
"52",106,"Lek1_2021_523_m","523_Fm1_m_Marginal","DbLb|DbP","Unpaired","Marginal","black/beige",NA,"Fm1","Lek1","m",523,6,18,"5","3_Lek1_5","3_Lek1",205,"group_3",3,NA,3,3,1,0,NA,1,4,3,NA,1,7,NA,7,NA,0,NA,NA,NA,NA,NA,NA,NA,NA,NA,NA,NA
"53",107,"Lek1_2021_523_m","523_Fm1_m_Marginal","GO|LbY","Unpaired","Marginal","Grey Tiger",NA,"Fm1","Lek1","m",523,6,18,"5","3_Lek1_5","3_Lek1",206,"group_3",3,2,3,3,0,0,NA,0,3,3,NA,0,10,9,6,NA,4,NA,NA,NA,NA,NA,NA,NA,NA,NA,NA,NA
"54",108,"Lek1_2021_523_m","523_Fm1_m_Marginal","RG|LbDb","Unpaired","Marginal","white",NA,"Fm1","Lek1","m",523,6,18,"5","3_Lek1_5","3_Lek1",207,"group_3",0,NA,0,0,0,0,NA,0,0,0,NA,0,19,NA,0,NA,19,NA,NA,NA,NA,NA,NA,NA,NA,NA,NA,NA
"55",110,"Lek1_2021_524_m","524_Fm1_m_Satellite","DbLb|RLb","Total","Satellite","White/black",NA,"Fm1","Lek1","m",524,1,19,"6","2_Lek1_6","2_Lek1",223,"group_6",7,3,7,7,0,0,0,NA,7,7,0,NA,4,2,4,0,NA,4,4,NA,NA,NA,NA,NA,NA,7,24.303,7
"56",113,"Lek1_2021_524_m","524_Fm1_m_Satellite","GLb|GY","Total","Satellite","brown black",NA,"Fm1","Lek1","m",524,1,19,"6","2_Lek1_6","2_Lek1",224,"group_6",4,3,4,4,0,0,0,NA,4,4,0,NA,4,2,4,0,NA,4,4,NA,NA,NA,NA,NA,NA,4,7.16,4
"57",116,"Lek1_2021_524_m","524_Fm1_m_Satellite","XO|XX","Total","Satellite","black/grey/beige",NA,"Fm1","Lek1","m",524,1,19,"6","2_Lek1_6","2_Lek1",225,"group_6",0,0,0,0,0,0,0,NA,0,0,0,NA,0,0,0,0,NA,NA,NA,NA,NA,NA,NA,NA,NA,NA,NA,NA
"58",119,"Lek1_2021_525_a","525_Fm1_a_Satellite","DbLb|RLb","Total","Satellite","White/black",NA,"Fm1","Lek1","a",525,2,20,"6","2_Lek1_6","2_Lek1",235,"group_6",0,NA,0,0,0,0,0,NA,0,0,0,NA,4,NA,4,0,NA,NA,NA,NA,NA,NA,NA,NA,NA,NA,NA,NA
"59",122,"Lek1_2021_525_a","525_Fm1_a_Satellite","GLb|GY","Total","Satellite","brown black",NA,"Fm1","Lek1","a",525,2,20,"6","2_Lek1_6","2_Lek1",236,"group_6",1,NA,1,1,0,0,0,NA,1,1,0,NA,3,NA,3,0,NA,NA,NA,NA,NA,NA,NA,NA,NA,NA,NA,NA
"60",125,"Lek1_2021_525_a","525_Fm1_a_Satellite","XO|XX","Total","Satellite","black/grey/beige",NA,"Fm1","Lek1","a",525,2,20,"6","2_Lek1_6","2_Lek1",237,"group_6",0,NA,0,0,0,0,0,NA,0,0,0,NA,0,NA,0,0,NA,NA,NA,NA,NA,NA,NA,NA,NA,NA,NA,NA
"61",128,"Lek1_2021_526_m","526_Fm1_m_Satellite","DbLb|RLb","Total","Satellite","White/black",NA,"Fm1","Lek1","m",526,3,21,"6","2_Lek1_6","2_Lek1",247,"group_6",1,0,1,1,1,1,0,NA,2,2,0,NA,6,0,6,0,NA,6,6,NA,NA,1,1,NA,NA,1,1.84,1
"62",131,"Lek1_2021_526_m","526_Fm1_m_Satellite","GLb|GY","Total","Satellite","brown black",NA,"Fm1","Lek1","m",526,3,21,"6","2_Lek1_6","2_Lek1",248,"group_6",0,0,0,0,1,0,1,NA,1,0,1,NA,1,1,1,0,NA,1,1,NA,NA,1,NA,1,NA,NA,NA,NA
"63",134,"Lek1_2021_526_m","526_Fm1_m_Satellite","XO|XX","Total","Satellite","black/grey/beige",NA,"Fm1","Lek1","m",526,3,21,"6","2_Lek1_6","2_Lek1",249,"group_6",1,0,1,1,0,0,0,NA,1,1,0,NA,0,0,0,0,NA,NA,NA,NA,NA,NA,NA,NA,NA,1,1.24,1
"64",136,"Lek1_2021_527_a","527_Fm1_a_Marginal","DbLb|RLb","Unpaired","Marginal","White/black",NA,"Fm1","Lek1","a",527,4,22,"6","2_Lek1_6","2_Lek1",253,"group_6",6,4,6,6,1,1,NA,0,7,7,NA,0,8,0,8,NA,0,8,8,NA,NA,1,1,NA,NA,6,43.703,6
"65",137,"Lek1_2021_527_a","527_Fm1_a_Marginal","GLb|GY","Unpaired","Marginal","brown black",NA,"Fm1","Lek1","a",527,4,22,"6","2_Lek1_6","2_Lek1",254,"group_6",1,1,1,1,0,0,NA,0,1,1,NA,0,2,0,2,NA,0,2,2,NA,NA,NA,NA,NA,NA,1,0.48,1
"66",138,"Lek1_2021_527_a","527_Fm1_a_Marginal","XO|XX","Unpaired","Marginal","black/grey/beige",NA,"Fm1","Lek1","a",527,4,22,"6","2_Lek1_6","2_Lek1",255,"group_6",0,NA,0,0,0,0,NA,0,0,0,NA,0,0,NA,0,NA,0,NA,NA,NA,NA,NA,NA,NA,NA,NA,NA,NA
"67",139,"Lek1_2021_528_m","528_Fm1_m_Marginal","DbLb|RLb","Unpaired","Marginal","White/black",NA,"Fm1","Lek1","m",528,5,23,"6","2_Lek1_6","2_Lek1",274,"group_6",2,1,2,2,0,0,NA,0,2,2,NA,0,8,5,8,NA,0,NA,NA,NA,NA,NA,NA,NA,NA,NA,NA,NA
"68",140,"Lek1_2021_528_m","528_Fm1_m_Marginal","GLb|GY","Unpaired","Marginal","brown black",NA,"Fm1","Lek1","m",528,5,23,"6","2_Lek1_6","2_Lek1",275,"group_6",3,4,3,3,1,1,NA,0,4,4,NA,0,7,7,7,NA,0,NA,NA,NA,NA,NA,NA,NA,NA,NA,NA,NA
"69",141,"Lek1_2021_528_m","528_Fm1_m_Marginal","XO|XX","Unpaired","Marginal","black/grey/beige",NA,"Fm1","Lek1","m",528,5,23,"6","2_Lek1_6","2_Lek1",276,"group_6",0,NA,0,0,0,0,NA,0,0,0,NA,0,0,NA,0,NA,0,NA,NA,NA,NA,NA,NA,NA,NA,NA,NA,NA
"70",142,"Lek1_2021_529_a","529_Fm1_a_Marginal","DbLb|RLb","Unpaired","Marginal","White/black",NA,"Fm1","Lek1","a",529,6,24,"6","2_Lek1_6","2_Lek1",277,"group_6",8,NA,8,8,0,0,NA,0,8,8,NA,0,9,NA,9,NA,0,NA,NA,NA,NA,NA,NA,NA,NA,NA,NA,NA
"71",143,"Lek1_2021_529_a","529_Fm1_a_Marginal","GLb|GY","Unpaired","Marginal","brown black",NA,"Fm1","Lek1","a",529,6,24,"6","2_Lek1_6","2_Lek1",278,"group_6",4,3,4,4,1,1,NA,0,5,5,NA,0,4,2,4,NA,0,NA,NA,NA,NA,NA,NA,NA,NA,NA,NA,NA
"72",144,"Lek1_2021_529_a","529_Fm1_a_Marginal","XO|XX","Unpaired","Marginal","black/grey/beige",NA,"Fm1","Lek1","a",529,6,24,"6","2_Lek1_6","2_Lek1",279,"group_6",0,NA,0,0,0,0,NA,0,0,0,NA,0,5,NA,0,NA,5,NA,NA,NA,NA,NA,NA,NA,NA,NA,NA,NA
"73",146,"Lek1_2021_530_a","530_Fm1_a_Satellite","DbLb|LbY","Total","Satellite","black/red face",NA,"Fm1","Lek1","a",530,1,25,"7a","1_Lek1_7a","1_Lek1",295,"group_9",0,0,0,0,1,1,0,NA,1,1,0,NA,14,7,13,1,NA,NA,NA,NA,NA,NA,NA,NA,NA,NA,NA,NA
"74",149,"Lek1_2021_530_a","530_Fm1_a_Satellite","RG|LbDb","Total","Satellite","white",NA,"Fm1","Lek1","a",530,1,25,"7a","1_Lek1_7a","1_Lek1",296,"group_9",0,0,0,0,0,0,0,NA,0,0,0,NA,0,0,0,0,NA,NA,NA,NA,NA,NA,NA,NA,NA,NA,NA,NA
"75",152,"Lek1_2021_530_a","530_Fm1_a_Satellite","XO|XX","Total","Satellite","black/grey/beige",NA,"Fm1","Lek1","a",530,1,25,"7a","1_Lek1_7a","1_Lek1",297,"group_9",0,0,0,0,0,0,0,NA,0,0,0,NA,1,0,1,0,NA,NA,NA,NA,NA,NA,NA,NA,NA,NA,NA,NA
"76",155,"Lek1_2021_530_m","530_Fm1_m_Satellite","DbLb|LbY","Total","Satellite","black/red face",NA,"Fm1","Lek1","m",530,1,25,"7m","1_Lek1_7m","1_Lek1",298,"group_9",0,1,0,0,0,0,0,NA,0,0,0,NA,39,31,39,0,NA,40,40,NA,NA,NA,NA,NA,NA,NA,NA,NA
"77",158,"Lek1_2021_530_m","530_Fm1_m_Satellite","RG|LbDb","Total","Satellite","white",NA,"Fm1","Lek1","m",530,1,25,"7m","1_Lek1_7m","1_Lek1",299,"group_9",1,0,1,1,0,0,0,NA,1,1,0,NA,0,0,0,0,NA,1,NA,1,NA,NA,NA,NA,NA,1,0.455,1
"78",161,"Lek1_2021_530_m","530_Fm1_m_Satellite","XO|XX","Total","Satellite","black/grey/beige",NA,"Fm1","Lek1","m",530,1,25,"7m","1_Lek1_7m","1_Lek1",300,"group_9",0,0,0,0,0,0,0,NA,0,0,0,NA,11,0,10,1,NA,11,10,1,NA,NA,NA,NA,NA,NA,NA,NA
"79",164,"Lek1_2021_531_a","531_Fm1_a_Satellite","DbLb|LbY","Total","Satellite","black/red face",NA,"Fm1","Lek1","a",531,2,26,"7a","1_Lek1_7a","1_Lek1",307,"group_9",0,1,0,0,1,1,0,NA,1,1,0,NA,23,17,23,0,NA,23,23,NA,NA,1,1,NA,NA,NA,NA,NA
"80",167,"Lek1_2021_531_a","531_Fm1_a_Satellite","RG|LbDb","Total","Satellite","white",NA,"Fm1","Lek1","a",531,2,26,"7a","1_Lek1_7a","1_Lek1",308,"group_9",1,0,1,1,0,0,0,NA,1,1,0,NA,0,0,0,0,NA,NA,NA,NA,NA,NA,NA,NA,NA,1,0.16,1
"81",170,"Lek1_2021_531_a","531_Fm1_a_Satellite","XO|XX","Total","Satellite","black/grey/beige",NA,"Fm1","Lek1","a",531,2,26,"7a","1_Lek1_7a","1_Lek1",309,"group_9",0,0,0,0,2,2,0,NA,2,2,0,NA,5,0,5,0,NA,5,5,NA,NA,2,2,NA,NA,NA,NA,NA
"82",173,"Lek1_2021_531_m","531_Fm1_m_Satellite","DbLb|LbY","Total","Satellite","black/red face",NA,"Fm1","Lek1","m",531,2,26,"7m","1_Lek1_7m","1_Lek1",310,"group_9",0,0,0,0,1,1,0,NA,1,1,0,NA,30,26,29,1,NA,NA,NA,NA,NA,NA,NA,NA,NA,NA,NA,NA
"83",176,"Lek1_2021_531_m","531_Fm1_m_Satellite","RG|LbDb","Total","Satellite","white",NA,"Fm1","Lek1","m",531,2,26,"7m","1_Lek1_7m","1_Lek1",311,"group_9",0,0,0,0,1,0,1,NA,1,0,1,NA,0,0,0,0,NA,NA,NA,NA,NA,NA,NA,NA,NA,NA,NA,NA
"84",179,"Lek1_2021_531_m","531_Fm1_m_Satellite","XO|XX","Total","Satellite","black/grey/beige",NA,"Fm1","Lek1","m",531,2,26,"7m","1_Lek1_7m","1_Lek1",312,"group_9",0,0,0,0,0,0,0,NA,0,0,0,NA,2,0,2,0,NA,NA,NA,NA,NA,NA,NA,NA,NA,NA,NA,NA
"85",182,"Lek1_2021_601_a","601_Fm1_a_Satellite","DbLb|LbY","Total","Satellite","black/red face",NA,"Fm1","Lek1","a",601,3,27,"7a","1_Lek1_7a","1_Lek1",313,"group_9",0,1,0,0,0,0,0,NA,0,0,0,NA,16,11,16,0,NA,16,16,NA,NA,NA,NA,NA,NA,NA,NA,NA
"86",185,"Lek1_2021_601_a","601_Fm1_a_Satellite","RG|LbDb","Total","Satellite","white",NA,"Fm1","Lek1","a",601,3,27,"7a","1_Lek1_7a","1_Lek1",314,"group_9",0,0,0,0,0,0,0,NA,0,0,0,NA,0,0,0,0,NA,NA,NA,NA,NA,NA,NA,NA,NA,NA,NA,NA
"87",188,"Lek1_2021_601_a","601_Fm1_a_Satellite","XO|XX","Total","Satellite","black/grey/beige",NA,"Fm1","Lek1","a",601,3,27,"7a","1_Lek1_7a","1_Lek1",315,"group_9",2,0,2,2,0,0,0,NA,2,2,0,NA,4,0,4,0,NA,4,4,NA,NA,NA,NA,NA,NA,2,4.72,2
"88",191,"Lek1_2021_601_m","601_Fm1_m_Satellite","DbLb|LbY","Total","Satellite","black/red face",NA,"Fm1","Lek1","m",601,3,27,"7m","1_Lek1_7m","1_Lek1",316,"group_9",0,0,0,0,2,2,0,NA,2,2,0,NA,16,15,16,0,NA,NA,NA,NA,NA,NA,NA,NA,NA,NA,NA,NA
"89",194,"Lek1_2021_601_m","601_Fm1_m_Satellite","RG|LbDb","Total","Satellite","white",NA,"Fm1","Lek1","m",601,3,27,"7m","1_Lek1_7m","1_Lek1",317,"group_9",0,0,0,0,0,0,0,NA,0,0,0,NA,0,0,0,0,NA,NA,NA,NA,NA,NA,NA,NA,NA,NA,NA,NA
"90",197,"Lek1_2021_601_m","601_Fm1_m_Satellite","XO|XX","Total","Satellite","black/grey/beige",NA,"Fm1","Lek1","m",601,3,27,"7m","1_Lek1_7m","1_Lek1",318,"group_9",0,0,0,0,0,0,0,NA,0,0,0,NA,6,0,6,0,NA,NA,NA,NA,NA,NA,NA,NA,NA,NA,NA,NA
"91",199,"Lek1_2021_602_a","602_Fm1_a_Marginal","DbLb|LbY","Unpaired","Marginal","black/red face",NA,"Fm1","Lek1","a",602,4,28,"7a","1_Lek1_7a","1_Lek1",325,"group_9",0,0,0,0,0,0,NA,0,0,0,NA,0,17,16,15,NA,2,NA,NA,NA,NA,NA,NA,NA,NA,NA,NA,NA
"92",200,"Lek1_2021_602_a","602_Fm1_a_Marginal","RG|LbDb","Unpaired","Marginal","white",NA,"Fm1","Lek1","a",602,4,28,"7a","1_Lek1_7a","1_Lek1",326,"group_9",0,NA,0,0,0,0,NA,0,0,0,NA,0,5,NA,0,NA,5,NA,NA,NA,NA,NA,NA,NA,NA,NA,NA,NA
"93",201,"Lek1_2021_602_a","602_Fm1_a_Marginal","XO|XX","Unpaired","Marginal","black/grey/beige",NA,"Fm1","Lek1","a",602,4,28,"7a","1_Lek1_7a","1_Lek1",327,"group_9",0,NA,0,0,0,0,NA,0,0,0,NA,0,6,NA,5,NA,1,NA,NA,NA,NA,NA,NA,NA,NA,NA,NA,NA
"94",202,"Lek1_2021_602_m","602_Fm1_m_Marginal","DbLb|LbY","Unpaired","Marginal","black/red face",NA,"Fm1","Lek1","m",602,4,28,"7m","1_Lek1_7m","1_Lek1",328,"group_9",0,0,0,0,1,1,NA,0,1,1,NA,0,31,14,29,NA,2,NA,NA,NA,NA,NA,NA,NA,NA,NA,NA,NA
"95",203,"Lek1_2021_602_m","602_Fm1_m_Marginal","RG|LbDb","Unpaired","Marginal","white",NA,"Fm1","Lek1","m",602,4,28,"7m","1_Lek1_7m","1_Lek1",329,"group_9",0,NA,0,0,0,0,NA,0,0,0,NA,0,1,NA,0,NA,1,NA,NA,NA,NA,NA,NA,NA,NA,NA,NA,NA
"96",204,"Lek1_2021_602_m","602_Fm1_m_Marginal","XO|XX","Unpaired","Marginal","black/grey/beige",NA,"Fm1","Lek1","m",602,4,28,"7m","1_Lek1_7m","1_Lek1",330,"group_9",0,NA,0,0,0,0,NA,0,0,0,NA,0,12,NA,10,NA,2,NA,NA,NA,NA,NA,NA,NA,NA,NA,NA,NA
"97",205,"Lek1_2021_603_a","603_Fm1_a_Marginal","DbLb|LbY","Unpaired","Marginal","black/red face",NA,"Fm1","Lek1","a",603,5,29,"7a","1_Lek1_7a","1_Lek1",337,"group_9",0,0,0,0,0,0,NA,0,0,0,NA,0,28,8,24,NA,4,NA,NA,NA,NA,NA,NA,NA,NA,NA,NA,NA
"98",206,"Lek1_2021_603_a","603_Fm1_a_Marginal","RG|LbDb","Unpaired","Marginal","white",NA,"Fm1","Lek1","a",603,5,29,"7a","1_Lek1_7a","1_Lek1",338,"group_9",0,NA,0,0,0,0,NA,0,0,0,NA,0,1,NA,0,NA,1,NA,NA,NA,NA,NA,NA,NA,NA,NA,NA,NA
"99",207,"Lek1_2021_603_a","603_Fm1_a_Marginal","XO|XX","Unpaired","Marginal","black/grey/beige",NA,"Fm1","Lek1","a",603,5,29,"7a","1_Lek1_7a","1_Lek1",339,"group_9",0,NA,0,0,0,0,NA,0,0,0,NA,0,5,NA,3,NA,2,NA,NA,NA,NA,NA,NA,NA,NA,NA,NA,NA
"100",208,"Lek1_2021_603_m","603_Fm1_m_Marginal","DbLb|LbY","Unpaired","Marginal","black/black (red face)",NA,"Fm1","Lek1","m",603,5,29,"7m","1_Lek1_7m","1_Lek1",340,"group_9",0,0,0,0,0,0,NA,NA,0,0,NA,NA,24,12,24,NA,NA,NA,NA,NA,NA,NA,NA,NA,NA,NA,NA,NA
"101",209,"Lek1_2021_603_m","603_Fm1_m_Marginal","RG|LbDb","Unpaired","Marginal","white-grey/black",NA,"Fm1","Lek1","m",603,5,29,"7m","1_Lek1_7m","1_Lek1",341,"group_9",0,NA,0,0,0,0,NA,NA,0,0,NA,NA,0,NA,0,NA,NA,NA,NA,NA,NA,NA,NA,NA,NA,NA,NA,NA
"102",210,"Lek1_2021_603_m","603_Fm1_m_Marginal","XO|XX","Unpaired","Marginal","grey tiger/grey",NA,"Fm1","Lek1","m",603,5,29,"7m","1_Lek1_7m","1_Lek1",342,"group_9",1,NA,1,1,0,0,NA,NA,1,1,NA,NA,5,NA,5,NA,NA,NA,NA,NA,NA,NA,NA,NA,NA,NA,NA,NA
"103",211,"Lek1_2021_604_a","604_Fm1_a_Marginal","DbLb|LbY","Unpaired","Marginal","black/red face",NA,"Fm1","Lek1","a",604,6,30,"7a","1_Lek1_7a","1_Lek1",349,"group_9",1,2,1,1,1,1,NA,0,2,2,NA,0,23,19,22,NA,1,23,22,NA,1,1,1,NA,NA,1,1.68,1
"104",212,"Lek1_2021_604_a","604_Fm1_a_Marginal","RG|LbDb","Unpaired","Marginal","white",NA,"Fm1","Lek1","a",604,6,30,"7a","1_Lek1_7a","1_Lek1",350,"group_9",0,NA,0,0,0,0,NA,0,0,0,NA,0,4,NA,0,NA,4,4,NA,NA,4,NA,NA,NA,NA,NA,NA,NA
"105",213,"Lek1_2021_604_a","604_Fm1_a_Marginal","XO|XX","Unpaired","Marginal","black/grey/beige",NA,"Fm1","Lek1","a",604,6,30,"7a","1_Lek1_7a","1_Lek1",351,"group_9",1,NA,1,1,0,0,NA,0,1,1,NA,0,4,NA,3,NA,1,4,3,NA,1,NA,NA,NA,NA,1,2.121,1
"106",214,"Lek1_2021_604_m","604_Fm1_m_Marginal","DbLb|LbY","Unpaired","Marginal","black/red face",NA,"Fm1","Lek1","m",604,6,30,"7m","1_Lek1_7m","1_Lek1",352,"group_9",2,3,2,2,1,1,NA,0,3,3,NA,0,35,25,32,NA,3,NA,NA,NA,NA,NA,NA,NA,NA,NA,NA,NA
"107",215,"Lek1_2021_604_m","604_Fm1_m_Marginal","RG|LbDb","Unpaired","Marginal","white",NA,"Fm1","Lek1","m",604,6,30,"7m","1_Lek1_7m","1_Lek1",353,"group_9",0,NA,0,0,5,0,NA,5,5,0,NA,5,4,NA,0,NA,4,NA,NA,NA,NA,NA,NA,NA,NA,NA,NA,NA
"108",216,"Lek1_2021_604_m","604_Fm1_m_Marginal","XO|XX","Unpaired","Marginal","black/grey/beige",NA,"Fm1","Lek1","m",604,6,30,"7m","1_Lek1_7m","1_Lek1",354,"group_9",0,NA,0,0,0,0,NA,0,0,0,NA,0,16,NA,13,NA,3,NA,NA,NA,NA,NA,NA,NA,NA,NA,NA,NA
"109",217,"Lek2_2021_506_a","506_Fm1_a_Marginal","DbLb|LbY","Unpaired","Marginal","black/red face",NA,"Fm1","Lek2","a",506,1,1,"3","3_Lek2_3","3_Lek2",1,"group_1",0,NA,0,0,1,0,NA,1,1,0,NA,1,26,NA,22,NA,4,NA,NA,NA,NA,NA,NA,NA,NA,NA,NA,NA
"110",218,"Lek2_2021_506_a","506_Fm1_a_Marginal","GLb|GY","Unpaired","Marginal","brown black",NA,"Fm1","Lek2","a",506,1,1,"3","3_Lek2_3","3_Lek2",2,"group_1",0,0,0,0,0,0,NA,0,0,0,NA,0,2,1,2,NA,0,NA,NA,NA,NA,NA,NA,NA,NA,NA,NA,NA
"111",219,"Lek2_2021_506_a","506_Fm1_a_Marginal","ODb|YG","Unpaired","Marginal","Black/w spots",NA,"Fm1","Lek2","a",506,1,1,"3","3_Lek2_3","3_Lek2",3,"group_1",0,NA,0,0,0,0,NA,0,0,0,NA,0,2,NA,2,NA,0,NA,NA,NA,NA,NA,NA,NA,NA,NA,NA,NA
"112",220,"Lek2_2021_507_m","507_Fm1_m_Marginal","DbLb|LbY","Unpaired","Marginal","black/red face",NA,"Fm1","Lek2","m",507,2,2,"3","3_Lek2_3","3_Lek2",16,"group_1",0,NA,0,0,2,0,NA,2,2,0,NA,2,15,NA,14,NA,1,NA,NA,NA,NA,NA,NA,NA,NA,NA,NA,NA
"113",221,"Lek2_2021_507_m","507_Fm1_m_Marginal","GLb|GY","Unpaired","Marginal","brown black",NA,"Fm1","Lek2","m",507,2,2,"3","3_Lek2_3","3_Lek2",17,"group_1",0,0,0,0,0,0,NA,0,0,0,NA,0,0,0,0,NA,0,NA,NA,NA,NA,NA,NA,NA,NA,NA,NA,NA
"114",222,"Lek2_2021_507_m","507_Fm1_m_Marginal","ODb|YG","Unpaired","Marginal","Black/w spots",NA,"Fm1","Lek2","m",507,2,2,"3","3_Lek2_3","3_Lek2",18,"group_1",0,NA,0,0,0,0,NA,0,0,0,NA,0,5,NA,5,NA,0,NA,NA,NA,NA,NA,NA,NA,NA,NA,NA,NA
"115",224,"Lek2_2021_509_m","509_Fm1_m_Satellite","DbLb|LbY","Total","Satellite","black/red face",NA,"Fm1","Lek2","m",509,4,4,"3","3_Lek2_3","3_Lek2",34,"group_1",0,0,0,0,3,1,2,NA,3,1,2,NA,11,0,11,0,NA,11,10,1,NA,3,1,2,NA,NA,NA,NA
"116",227,"Lek2_2021_509_m","509_Fm1_m_Satellite","GLb|GY","Total","Satellite","brown black",NA,"Fm1","Lek2","m",509,4,4,"3","3_Lek2_3","3_Lek2",35,"group_1",1,0,1,1,0,0,0,NA,1,1,0,NA,3,2,3,0,NA,3,3,NA,NA,NA,NA,NA,NA,1,5.56,1
"117",230,"Lek2_2021_509_m","509_Fm1_m_Satellite","ODb|YG","Total","Satellite","Black/w spots",NA,"Fm1","Lek2","m",509,4,4,"3","3_Lek2_3","3_Lek2",36,"group_1",1,0,1,1,0,0,0,NA,1,1,0,NA,4,5,4,0,NA,4,4,NA,NA,NA,NA,NA,NA,1,2.6,1
"118",233,"Lek2_2021_510_m","510_Fm1_m_Satellite","DbLb|LbY","Total","Satellite","black/red face",NA,"Fm1","Lek2","m",510,5,5,"3","3_Lek2_3","3_Lek2",46,"group_1",0,NA,0,0,0,0,0,NA,0,0,0,NA,9,NA,7,2,NA,NA,NA,NA,NA,NA,NA,NA,NA,NA,NA,NA
"119",236,"Lek2_2021_510_m","510_Fm1_m_Satellite","GLb|GY","Total","Satellite","brown black",NA,"Fm1","Lek2","m",510,5,5,"3","3_Lek2_3","3_Lek2",47,"group_1",0,NA,0,0,0,0,0,NA,0,0,0,NA,4,NA,4,0,NA,NA,NA,NA,NA,NA,NA,NA,NA,NA,NA,NA
"120",239,"Lek2_2021_510_m","510_Fm1_m_Satellite","ODb|YG","Total","Satellite","Black/w spots",NA,"Fm1","Lek2","m",510,5,5,"3","3_Lek2_3","3_Lek2",48,"group_1",0,NA,0,0,0,0,0,NA,0,0,0,NA,0,NA,0,0,NA,NA,NA,NA,NA,NA,NA,NA,NA,NA,NA,NA
"121",241,"Lek2_2021_511_a","511_Fm1_a_Marginal","DbLb|LbY","Unpaired","Marginal","black/red face",NA,"Fm1","Lek2","a",511,6,6,"3","3_Lek2_3","3_Lek2",NA,NA,NA,NA,NA,NA,NA,NA,NA,NA,NA,NA,NA,NA,NA,NA,NA,NA,NA,NA,NA,NA,NA,NA,NA,NA,NA,NA,NA,NA
"122",242,"Lek2_2021_511_a","511_Fm1_a_Marginal","GLb|GY","Unpaired","Marginal","brown black",NA,"Fm1","Lek2","a",511,6,6,"3","3_Lek2_3","3_Lek2",NA,NA,NA,NA,NA,NA,NA,NA,NA,NA,NA,NA,NA,NA,NA,NA,NA,NA,NA,NA,NA,NA,NA,NA,NA,NA,NA,NA,NA,NA
"123",243,"Lek2_2021_511_a","511_Fm1_a_Marginal","ODb|YG","Unpaired","Marginal","Black/w spots",NA,"Fm1","Lek2","a",511,6,6,"3","3_Lek2_3","3_Lek2",NA,NA,NA,NA,NA,NA,NA,NA,NA,NA,NA,NA,NA,NA,NA,NA,NA,NA,NA,NA,NA,NA,NA,NA,NA,NA,NA,NA,NA,NA
"124",245,"Lek2_2021_511_m","511_Fm1_m_Satellite","DbLb|LbY","Total","Satellite","black/red face",NA,"Fm1","Lek2","m",511,6,6,"3","3_Lek2_3","3_Lek2",61,"group_1",1,0,1,1,1,0,1,NA,2,1,1,NA,3,0,1,2,NA,4,2,2,NA,1,NA,1,NA,1,2.68,1
"125",248,"Lek2_2021_511_m","511_Fm1_m_Satellite","GLb|GY","Total","Satellite","brown black",NA,"Fm1","Lek2","m",511,6,6,"3","3_Lek2_3","3_Lek2",62,"group_1",1,0,1,1,0,0,0,NA,1,1,0,NA,3,5,3,0,NA,6,6,NA,NA,NA,NA,NA,NA,1,1.438,1
"126",251,"Lek2_2021_511_m","511_Fm1_m_Satellite","ODb|YG","Total","Satellite","Black/w spots",NA,"Fm1","Lek2","m",511,6,6,"3","3_Lek2_3","3_Lek2",63,"group_1",0,0,0,0,0,0,0,NA,0,0,0,NA,0,0,0,0,NA,1,NA,1,NA,NA,NA,NA,NA,NA,NA,NA
"127",254,"Lek2_2021_512_a","512_Fm1_a_Satellite","ODb|YG","Total","Satellite","Black/w spots",NA,"Fm1","Lek2","a",512,1,7,"4","2_Lek2_4","2_Lek2",73,"group_5",0,NA,0,0,0,0,0,NA,0,0,0,NA,0,NA,0,0,NA,NA,NA,NA,NA,NA,NA,NA,NA,NA,NA,NA
"128",257,"Lek2_2021_512_a","512_Fm1_a_Satellite","RG|LbDb","Total","Satellite","white",NA,"Fm1","Lek2","a",512,1,7,"4","2_Lek2_4","2_Lek2",74,"group_5",0,NA,0,0,0,0,0,NA,0,0,0,NA,5,NA,4,1,NA,NA,NA,NA,NA,NA,NA,NA,NA,NA,NA,NA
"129",260,"Lek2_2021_512_a","512_Fm1_a_Satellite","YO|OO","Total","Satellite","Black",NA,"Fm1","Lek2","a",512,1,7,"4","2_Lek2_4","2_Lek2",75,"group_5",5,NA,5,5,0,0,0,NA,5,5,0,NA,9,NA,9,0,NA,NA,NA,NA,NA,NA,NA,NA,NA,NA,NA,NA
"130",263,"Lek2_2021_513_m","513_Fm1_m_Satellite","ODb|YG","Total","Satellite","Black/w spots",NA,"Fm1","Lek2","m",513,2,8,"4","2_Lek2_4","2_Lek2",88,"group_5",0,NA,0,0,0,0,0,NA,0,0,0,NA,0,NA,0,0,NA,NA,NA,NA,NA,NA,NA,NA,NA,NA,NA,NA
"131",266,"Lek2_2021_513_m","513_Fm1_m_Satellite","RG|LbDb","Total","Satellite","white",NA,"Fm1","Lek2","m",513,2,8,"4","2_Lek2_4","2_Lek2",89,"group_5",4,NA,4,4,1,1,0,NA,5,5,0,NA,1,NA,0,1,NA,NA,NA,NA,NA,NA,NA,NA,NA,NA,NA,NA
"132",269,"Lek2_2021_513_m","513_Fm1_m_Satellite","YO|OO","Total","Satellite","Black",NA,"Fm1","Lek2","m",513,2,8,"4","2_Lek2_4","2_Lek2",90,"group_5",8,NA,8,8,2,2,0,NA,10,10,0,NA,13,NA,13,0,NA,NA,NA,NA,NA,NA,NA,NA,NA,NA,NA,NA
"133",272,"Lek2_2021_514_a","514_Fm1_a_Satellite","ODb|YG","Total","Satellite","Black/w spots",NA,"Fm1","Lek2","a",514,3,9,"4","2_Lek2_4","2_Lek2",97,"group_5",0,NA,0,0,0,0,0,NA,0,0,0,NA,3,NA,3,0,NA,NA,NA,NA,NA,NA,NA,NA,NA,NA,NA,NA
"134",275,"Lek2_2021_514_a","514_Fm1_a_Satellite","RG|LbDb","Total","Satellite","white",NA,"Fm1","Lek2","a",514,3,9,"4","2_Lek2_4","2_Lek2",98,"group_5",3,NA,3,3,0,0,0,NA,3,3,0,NA,0,NA,0,0,NA,NA,NA,NA,NA,NA,NA,NA,NA,NA,NA,NA
"135",278,"Lek2_2021_514_a","514_Fm1_a_Satellite","YO|OO","Total","Satellite","Black",NA,"Fm1","Lek2","a",514,3,9,"4","2_Lek2_4","2_Lek2",99,"group_5",0,NA,0,0,2,2,0,NA,2,2,0,NA,18,NA,18,0,NA,NA,NA,NA,NA,NA,NA,NA,NA,NA,NA,NA
"136",280,"Lek2_2021_515_m","515_Fm1_m_Marginal","ODb|YG","Unpaired","Marginal","Black/w spots",NA,"Fm1","Lek2","m",515,4,10,"4","2_Lek2_4","2_Lek2",109,"group_5",0,NA,0,0,0,0,NA,0,0,0,NA,0,0,NA,0,NA,0,NA,NA,NA,NA,NA,NA,NA,NA,NA,NA,NA
"137",281,"Lek2_2021_515_m","515_Fm1_m_Marginal","RG|LbDb","Unpaired","Marginal","white",NA,"Fm1","Lek2","m",515,4,10,"4","2_Lek2_4","2_Lek2",110,"group_5",1,NA,1,1,0,0,NA,0,1,1,NA,0,2,NA,2,NA,0,NA,NA,NA,NA,NA,NA,NA,NA,NA,NA,NA
"138",282,"Lek2_2021_515_m","515_Fm1_m_Marginal","YO|OO","Unpaired","Marginal","Black",NA,"Fm1","Lek2","m",515,4,10,"4","2_Lek2_4","2_Lek2",111,"group_5",1,1,1,1,1,1,NA,0,2,2,NA,0,22,25,21,NA,1,NA,NA,NA,NA,NA,NA,NA,NA,NA,NA,NA
"139",283,"Lek2_2021_516_a","516_Fm1_a_Marginal","ODb|YG","Unpaired","Marginal","Black/w spots",NA,"Fm1","Lek2","a",516,5,11,"4","2_Lek2_4","2_Lek2",121,"group_5",0,NA,0,0,0,0,NA,0,0,0,NA,0,0,NA,0,NA,0,NA,NA,NA,NA,NA,NA,NA,NA,NA,NA,NA
"140",284,"Lek2_2021_516_a","516_Fm1_a_Marginal","RG|LbDb","Unpaired","Marginal","white",NA,"Fm1","Lek2","a",516,5,11,"4","2_Lek2_4","2_Lek2",122,"group_5",2,NA,2,2,1,1,NA,0,3,3,NA,0,9,NA,9,NA,0,NA,NA,NA,NA,NA,NA,NA,NA,NA,NA,NA
"141",285,"Lek2_2021_516_a","516_Fm1_a_Marginal","YO|OO","Unpaired","Marginal","Black",NA,"Fm1","Lek2","a",516,5,11,"4","2_Lek2_4","2_Lek2",123,"group_5",3,NA,3,3,0,0,NA,0,3,3,NA,0,11,NA,7,NA,4,NA,NA,NA,NA,NA,NA,NA,NA,NA,NA,NA
"142",286,"Lek2_2021_517_m","517_Fm1_m_Marginal","ODb|YG","Unpaired","Marginal","Black/w spots",NA,"Fm1","Lek2","m",517,6,12,"4","2_Lek2_4","2_Lek2",136,"group_5",1,0,1,1,0,0,NA,0,1,1,NA,0,0,0,0,NA,0,NA,NA,NA,NA,NA,NA,NA,NA,1,1.76,1
"143",287,"Lek2_2021_517_m","517_Fm1_m_Marginal","RG|LbDb","Unpaired","Marginal","white",NA,"Fm1","Lek2","m",517,6,12,"4","2_Lek2_4","2_Lek2",137,"group_5",3,NA,3,3,0,0,NA,0,3,3,NA,0,11,NA,11,NA,0,9,9,NA,NA,NA,NA,NA,NA,3,3.696,3
"144",288,"Lek2_2021_517_m","517_Fm1_m_Marginal","YO|OO","Unpaired","Marginal","Black",NA,"Fm1","Lek2","m",517,6,12,"4","2_Lek2_4","2_Lek2",138,"group_5",4,NA,4,4,1,1,NA,0,5,5,NA,0,11,NA,11,NA,0,10,10,NA,NA,1,1,NA,NA,4,7.24,4
"145",289,"Lek2_2021_518_m","518_Fm1_m_Marginal","DbLb|LbY","Unpaired","Marginal","black/red face",NA,"Fm1","Lek2","m",518,1,13,"5","3_Lek2_5","3_Lek2",151,"group_1",0,NA,0,0,1,1,NA,0,1,1,NA,0,9,NA,6,NA,3,NA,NA,NA,NA,NA,NA,NA,NA,NA,NA,NA
"146",290,"Lek2_2021_518_m","518_Fm1_m_Marginal","GLb|GY","Unpaired","Marginal","brown black",NA,"Fm1","Lek2","m",518,1,13,"5","3_Lek2_5","3_Lek2",152,"group_1",0,0,0,0,0,0,NA,0,0,0,NA,0,0,1,0,NA,0,NA,NA,NA,NA,NA,NA,NA,NA,NA,NA,NA
"147",291,"Lek2_2021_518_m","518_Fm1_m_Marginal","ODb|YG","Unpaired","Marginal","Black/w spots",NA,"Fm1","Lek2","m",518,1,13,"5","3_Lek2_5","3_Lek2",153,"group_1",1,NA,1,1,0,0,NA,0,1,1,NA,0,5,NA,5,NA,0,NA,NA,NA,NA,NA,NA,NA,NA,NA,NA,NA
"148",292,"Lek2_2021_519_a","519_Fm1_a_Marginal","DbLb|LbY","Unpaired","Marginal","black/red face",NA,"Fm1","Lek2","a",519,2,14,"5","3_Lek2_5","3_Lek2",160,"group_1",0,NA,0,0,0,0,NA,0,0,0,NA,0,3,NA,3,NA,0,6,6,NA,NA,NA,NA,NA,NA,NA,NA,NA
"149",293,"Lek2_2021_519_a","519_Fm1_a_Marginal","GLb|GY","Unpaired","Marginal","brown black",NA,"Fm1","Lek2","a",519,2,14,"5","3_Lek2_5","3_Lek2",161,"group_1",1,0,1,1,0,0,NA,0,1,1,NA,0,2,0,2,NA,0,2,2,NA,NA,NA,NA,NA,NA,1,3.12,1
"150",294,"Lek2_2021_519_a","519_Fm1_a_Marginal","ODb|YG","Unpaired","Marginal","Black/w spots",NA,"Fm1","Lek2","a",519,2,14,"5","3_Lek2_5","3_Lek2",162,"group_1",1,NA,1,1,0,0,NA,0,1,1,NA,0,0,NA,0,NA,0,NA,NA,NA,NA,NA,NA,NA,NA,1,0.8,1
"151",295,"Lek2_2021_520_m","520_Fm1_m_Marginal","DbLb|LbY","Unpaired","Marginal","black/red face",NA,"Fm1","Lek2","m",520,3,15,"5","3_Lek2_5","3_Lek2",175,"group_1",0,NA,0,0,0,0,NA,0,0,0,NA,0,5,NA,5,NA,0,NA,NA,NA,NA,NA,NA,NA,NA,NA,NA,NA
"152",296,"Lek2_2021_520_m","520_Fm1_m_Marginal","GLb|GY","Unpaired","Marginal","brown black",NA,"Fm1","Lek2","m",520,3,15,"5","3_Lek2_5","3_Lek2",176,"group_1",1,1,1,1,0,0,NA,0,1,1,NA,0,0,0,0,NA,0,NA,NA,NA,NA,NA,NA,NA,NA,NA,NA,NA
"153",297,"Lek2_2021_520_m","520_Fm1_m_Marginal","ODb|YG","Unpaired","Marginal","Black/w spots",NA,"Fm1","Lek2","m",520,3,15,"5","3_Lek2_5","3_Lek2",177,"group_1",2,NA,2,2,0,0,NA,0,2,2,NA,0,1,NA,1,NA,0,NA,NA,NA,NA,NA,NA,NA,NA,NA,NA,NA
"154",299,"Lek2_2021_521_a","521_Fm1_a_Satellite","DbLb|LbY","Total","Satellite","black/red face",NA,"Fm1","Lek2","a",521,4,16,"5","3_Lek2_5","3_Lek2",187,"group_1",2,0,2,2,4,3,1,NA,6,5,1,NA,11,0,6,5,NA,13,7,6,NA,3,2,1,NA,2,3.28,2
"155",302,"Lek2_2021_521_a","521_Fm1_a_Satellite","GLb|GY","Total","Satellite","brown black",NA,"Fm1","Lek2","a",521,4,16,"5","3_Lek2_5","3_Lek2",188,"group_1",1,1,1,1,0,0,0,NA,1,1,0,NA,9,1,9,0,NA,6,6,NA,NA,NA,NA,NA,NA,1,1.48,1
"156",305,"Lek2_2021_521_a","521_Fm1_a_Satellite","ODb|YG","Total","Satellite","Black/w spots",NA,"Fm1","Lek2","a",521,4,16,"5","3_Lek2_5","3_Lek2",189,"group_1",0,0,0,0,0,0,0,NA,0,0,0,NA,0,0,0,0,NA,NA,NA,NA,NA,NA,NA,NA,NA,NA,NA,NA
"157",308,"Lek2_2021_522_a","522_Fm1_a_Satellite","DbLb|LbY","Total","Satellite","black/red face",NA,"Fm1","Lek2","a",522,5,17,"5","3_Lek2_5","3_Lek2",196,"group_1",6,0,6,6,0,0,0,NA,6,6,0,NA,2,0,1,1,NA,2,1,1,NA,NA,NA,NA,NA,6,27.803,6
"158",311,"Lek2_2021_522_a","522_Fm1_a_Satellite","GLb|GY","Total","Satellite","brown black",NA,"Fm1","Lek2","a",522,5,17,"5","3_Lek2_5","3_Lek2",197,"group_1",3,4,3,3,0,0,0,NA,3,3,0,NA,8,2,8,0,NA,6,6,NA,NA,NA,NA,NA,NA,3,3.84,3
"159",314,"Lek2_2021_522_a","522_Fm1_a_Satellite","ODb|YG","Total","Satellite","Black/w spots",NA,"Fm1","Lek2","a",522,5,17,"5","3_Lek2_5","3_Lek2",198,"group_1",2,0,2,2,0,0,0,NA,2,2,0,NA,0,0,0,0,NA,NA,NA,NA,NA,NA,NA,NA,NA,2,1.4,2
"160",317,"Lek2_2021_523_a","523_Fm1_a_Satellite","DbLb|LbY","Total","Satellite","black/red face",NA,"Fm1","Lek2","a",523,6,18,"5","3_Lek2_5","3_Lek2",211,"group_1",5,0,5,5,2,1,1,NA,7,6,1,NA,8,0,5,3,NA,8,5,3,NA,2,1,1,NA,5,11.04,5
"161",320,"Lek2_2021_523_a","523_Fm1_a_Satellite","GLb|GY","Total","Satellite","brown black",NA,"Fm1","Lek2","a",523,6,18,"5","3_Lek2_5","3_Lek2",212,"group_1",16,13,16,16,1,1,0,NA,17,17,0,NA,7,3,7,0,NA,6,6,NA,NA,1,1,NA,NA,16,29.377,16
"162",323,"Lek2_2021_523_a","523_Fm1_a_Satellite","ODb|YG","Total","Satellite","Black/w spots",NA,"Fm1","Lek2","a",523,6,18,"5","3_Lek2_5","3_Lek2",213,"group_1",1,0,1,1,0,0,0,NA,1,1,0,NA,0,0,0,0,NA,NA,NA,NA,NA,NA,NA,NA,NA,1,4.24,1
"163",325,"Lek2_2021_524_a","524_Fm1_a_Marginal","ODb|YG","Unpaired","Marginal","Black/w spots",NA,"Fm1","Lek2","a",524,1,19,"6","2_Lek2_6","2_Lek2",217,"group_5",2,NA,2,2,0,0,NA,0,2,2,NA,0,13,NA,10,NA,3,NA,NA,NA,NA,NA,NA,NA,NA,NA,NA,NA
"164",326,"Lek2_2021_524_a","524_Fm1_a_Marginal","RG|LbDb","Unpaired","Marginal","white",NA,"Fm1","Lek2","a",524,1,19,"6","2_Lek2_6","2_Lek2",218,"group_5",0,NA,0,0,0,0,NA,0,0,0,NA,0,1,NA,0,NA,1,NA,NA,NA,NA,NA,NA,NA,NA,NA,NA,NA
"165",327,"Lek2_2021_524_a","524_Fm1_a_Marginal","YO|OO","Unpaired","Marginal","Black",NA,"Fm1","Lek2","a",524,1,19,"6","2_Lek2_6","2_Lek2",219,"group_5",3,NA,3,3,2,0,NA,2,5,3,NA,2,11,NA,7,NA,4,NA,NA,NA,NA,NA,NA,NA,NA,NA,NA,NA
"166",328,"Lek2_2021_525_m","525_Fm1_m_Marginal","ODb|YG","Unpaired","Marginal","Black/w spots",NA,"Fm1","Lek2","m",525,2,20,"6","2_Lek2_6","2_Lek2",229,"group_5",2,NA,2,2,0,0,NA,0,2,2,NA,0,14,NA,9,NA,5,NA,NA,NA,NA,NA,NA,NA,NA,NA,NA,NA
"167",329,"Lek2_2021_525_m","525_Fm1_m_Marginal","RG|LbDb","Unpaired","Marginal","white",NA,"Fm1","Lek2","m",525,2,20,"6","2_Lek2_6","2_Lek2",230,"group_5",0,NA,0,0,0,0,NA,0,0,0,NA,0,5,NA,0,NA,5,NA,NA,NA,NA,NA,NA,NA,NA,NA,NA,NA
"168",330,"Lek2_2021_525_m","525_Fm1_m_Marginal","YO|OO","Unpaired","Marginal","Black",NA,"Fm1","Lek2","m",525,2,20,"6","2_Lek2_6","2_Lek2",231,"group_5",3,NA,3,3,1,1,NA,0,4,4,NA,0,18,NA,10,NA,8,NA,NA,NA,NA,NA,NA,NA,NA,NA,NA,NA
"169",331,"Lek2_2021_526_a","526_Fm1_a_Marginal","ODb|YG","Unpaired","Marginal","Black/w spots",NA,"Fm1","Lek2","a",526,3,21,"6","2_Lek2_6","2_Lek2",241,"group_5",1,NA,1,1,0,0,NA,0,1,1,NA,0,9,NA,8,NA,1,NA,NA,NA,NA,NA,NA,NA,NA,NA,NA,NA
"170",332,"Lek2_2021_526_a","526_Fm1_a_Marginal","RG|LbDb","Unpaired","Marginal","white",NA,"Fm1","Lek2","a",526,3,21,"6","2_Lek2_6","2_Lek2",242,"group_5",0,NA,0,0,0,0,NA,0,0,0,NA,0,0,NA,0,NA,0,NA,NA,NA,NA,NA,NA,NA,NA,NA,NA,NA
"171",333,"Lek2_2021_526_a","526_Fm1_a_Marginal","YO|OO","Unpaired","Marginal","Black",NA,"Fm1","Lek2","a",526,3,21,"6","2_Lek2_6","2_Lek2",243,"group_5",4,NA,4,4,0,0,NA,0,4,4,NA,0,11,NA,10,NA,1,NA,NA,NA,NA,NA,NA,NA,NA,NA,NA,NA
"172",335,"Lek2_2021_527_m","527_Fm1_m_Satellite","ODb|YG","Total","Satellite","Black/w spots",NA,"Fm1","Lek2","m",527,4,22,"6","2_Lek2_6","2_Lek2",259,"group_5",0,NA,0,0,0,0,0,NA,0,0,0,NA,14,NA,14,0,NA,NA,NA,NA,NA,NA,NA,NA,NA,NA,NA,NA
"173",338,"Lek2_2021_527_m","527_Fm1_m_Satellite","RG|LbDb","Total","Satellite","white",NA,"Fm1","Lek2","m",527,4,22,"6","2_Lek2_6","2_Lek2",260,"group_5",1,NA,1,1,0,0,0,NA,1,1,0,NA,0,NA,0,0,NA,NA,NA,NA,NA,NA,NA,NA,NA,NA,NA,NA
"174",341,"Lek2_2021_527_m","527_Fm1_m_Satellite","YO|OO","Total","Satellite","Black",NA,"Fm1","Lek2","m",527,4,22,"6","2_Lek2_6","2_Lek2",261,"group_5",8,NA,8,8,1,1,0,NA,9,9,0,NA,5,NA,5,0,NA,NA,NA,NA,NA,NA,NA,NA,NA,NA,NA,NA
"175",344,"Lek2_2021_528_a","528_Fm1_a_Satellite","ODb|YG","Total","Satellite","Black/w spots",NA,"Fm1","Lek2","a",528,5,23,"6","2_Lek2_6","2_Lek2",271,"group_5",2,NA,2,2,0,0,0,NA,2,2,0,NA,12,NA,12,0,NA,NA,NA,NA,NA,NA,NA,NA,NA,NA,NA,NA
"176",347,"Lek2_2021_528_a","528_Fm1_a_Satellite","RG|LbDb","Total","Satellite","white",NA,"Fm1","Lek2","a",528,5,23,"6","2_Lek2_6","2_Lek2",272,"group_5",0,NA,0,0,0,0,0,NA,0,0,0,NA,0,NA,0,0,NA,NA,NA,NA,NA,NA,NA,NA,NA,NA,NA,NA
"177",350,"Lek2_2021_528_a","528_Fm1_a_Satellite","YO|OO","Total","Satellite","Black",NA,"Fm1","Lek2","a",528,5,23,"6","2_Lek2_6","2_Lek2",273,"group_5",5,NA,5,5,0,0,0,NA,5,5,0,NA,2,NA,2,0,NA,NA,NA,NA,NA,NA,NA,NA,NA,NA,NA,NA
"178",353,"Lek2_2021_529_m","529_Fm1_m_Satellite","ODb|YG","Total","Satellite","Black/w spots",NA,"Fm1","Lek2","m",529,6,24,"6","2_Lek2_6","2_Lek2",280,"group_5",7,NA,7,7,0,0,0,NA,7,7,0,NA,21,NA,21,0,NA,NA,NA,NA,NA,NA,NA,NA,NA,NA,NA,NA
"179",356,"Lek2_2021_529_m","529_Fm1_m_Satellite","RG|LbDb","Total","Satellite","white",NA,"Fm1","Lek2","m",529,6,24,"6","2_Lek2_6","2_Lek2",281,"group_5",0,NA,0,0,0,0,0,NA,0,0,0,NA,0,NA,0,0,NA,NA,NA,NA,NA,NA,NA,NA,NA,NA,NA,NA
"180",359,"Lek2_2021_529_m","529_Fm1_m_Satellite","YO|OO","Total","Satellite","Black",NA,"Fm1","Lek2","m",529,6,24,"6","2_Lek2_6","2_Lek2",282,"group_5",2,NA,2,2,0,0,0,NA,2,2,0,NA,2,NA,2,0,NA,NA,NA,NA,NA,NA,NA,NA,NA,NA,NA,NA
"181",362,"Lek3_2021_506_a","506_Fm2_a_Satellite","ODb|YDb","Total","Satellite","Black/gray",NA,"Fm2","Lek3","a",506,1,1,"3","3_Lek3_3","3_Lek3",7,"group_4",3,0,3,3,2,0,2,NA,5,3,2,NA,13,0,7,6,NA,13,6,7,NA,2,1,1,NA,2,3.52,2
"182",365,"Lek3_2021_506_a","506_Fm2_a_Satellite","XO|XX","Total","Satellite","black/grey/beige",NA,"Fm2","Lek3","a",506,1,1,"3","3_Lek3_3","3_Lek3",8,"group_4",0,0,0,0,0,0,0,NA,0,0,0,NA,5,0,2,3,NA,7,3,4,NA,NA,NA,NA,NA,NA,NA,NA
"183",368,"Lek3_2021_506_a","506_Fm2_a_Satellite","YO|OO","Total","Satellite","Black",NA,"Fm2","Lek3","a",506,1,1,"3","3_Lek3_3","3_Lek3",9,"group_4",0,0,0,0,2,0,2,NA,2,0,2,NA,19,36,18,1,NA,22,20,2,NA,2,NA,2,NA,NA,NA,NA
"184",371,"Lek3_2021_507_m","507_Fm2_m_Satellite","ODb|YDb","Total","Satellite","Black/gray",NA,"Fm2","Lek3","m",507,2,2,"3","3_Lek3_3","3_Lek3",22,"group_4",3,2,3,3,2,0,2,NA,5,3,2,NA,8,6,7,1,NA,7,6,1,NA,2,NA,2,NA,4,5,4
"185",374,"Lek3_2021_507_m","507_Fm2_m_Satellite","XO|XX","Total","Satellite","black/grey/beige",NA,"Fm2","Lek3","m",507,2,2,"3","3_Lek3_3","3_Lek3",23,"group_4",0,0,0,0,3,0,3,NA,3,0,3,NA,0,0,0,0,NA,NA,NA,NA,NA,3,NA,3,NA,NA,NA,NA
"186",377,"Lek3_2021_507_m","507_Fm2_m_Satellite","YO|OO","Total","Satellite","Black",NA,"Fm2","Lek3","m",507,2,2,"3","3_Lek3_3","3_Lek3",24,"group_4",2,0,2,2,0,0,0,NA,2,2,0,NA,3,0,3,0,NA,5,5,NA,NA,NA,NA,NA,NA,1,1.44,1
"187",379,"Lek3_2021_509_m","509_Fm2_m_Marginal","ODb|YDb","Unpaired","Marginal","Black/gray",NA,"Fm2","Lek3","m",509,4,4,"3","3_Lek3_3","3_Lek3",40,"group_4",1,1,1,1,0,0,NA,0,1,1,NA,0,17,14,16,NA,1,16,16,NA,NA,1,1,NA,NA,NA,NA,NA
"188",380,"Lek3_2021_509_m","509_Fm2_m_Marginal","XO|XX","Unpaired","Marginal","black/grey/beige",NA,"Fm2","Lek3","m",509,4,4,"3","3_Lek3_3","3_Lek3",41,"group_4",1,NA,1,1,0,0,NA,0,1,1,NA,0,15,NA,2,NA,13,16,2,NA,14,NA,NA,NA,NA,1,0.16,1
"189",381,"Lek3_2021_509_m","509_Fm2_m_Marginal","YO|OO","Unpaired","Marginal","Black",NA,"Fm2","Lek3","m",509,4,4,"3","3_Lek3_3","3_Lek3",42,"group_4",2,4,2,2,0,0,NA,0,2,2,NA,0,7,1,5,NA,2,8,6,NA,2,NA,NA,NA,NA,2,1.42,2
"190",382,"Lek3_2021_510_m","510_Fm2_m_Marginal","ODb|YDb","Unpaired","Marginal","Black/gray",NA,"Fm2","Lek3","m",510,5,5,"3","3_Lek3_3","3_Lek3",52,"group_4",0,0,0,0,0,0,NA,0,0,0,NA,0,17,19,17,NA,0,NA,NA,NA,NA,NA,NA,NA,NA,NA,NA,NA
"191",383,"Lek3_2021_510_m","510_Fm2_m_Marginal","XO|XX","Unpaired","Marginal","black/grey/beige",NA,"Fm2","Lek3","m",510,5,5,"3","3_Lek3_3","3_Lek3",53,"group_4",0,NA,0,0,1,0,NA,1,1,0,NA,1,2,NA,0,NA,2,NA,NA,NA,NA,NA,NA,NA,NA,NA,NA,NA
"192",384,"Lek3_2021_510_m","510_Fm2_m_Marginal","YO|OO","Unpaired","Marginal","Black",NA,"Fm2","Lek3","m",510,5,5,"3","3_Lek3_3","3_Lek3",54,"group_4",0,NA,0,0,0,0,NA,0,0,0,NA,0,7,NA,5,NA,2,NA,NA,NA,NA,NA,NA,NA,NA,NA,NA,NA
"193",386,"Lek3_2021_511_a","511_Fm2_a_Satellite","ODb|YDb","Total","Satellite","Black/gray",NA,"Fm2","Lek3","a",511,6,6,"3","3_Lek3_3","3_Lek3",NA,NA,NA,NA,NA,NA,NA,NA,NA,NA,NA,NA,NA,NA,NA,NA,NA,NA,NA,NA,NA,NA,NA,NA,NA,NA,NA,NA,NA,NA
"194",389,"Lek3_2021_511_a","511_Fm2_a_Satellite","XO|XX","Total","Satellite","black/grey/beige",NA,"Fm2","Lek3","a",511,6,6,"3","3_Lek3_3","3_Lek3",NA,NA,NA,NA,NA,NA,NA,NA,NA,NA,NA,NA,NA,NA,NA,NA,NA,NA,NA,NA,NA,NA,NA,NA,NA,NA,NA,NA,NA,NA
"195",392,"Lek3_2021_511_a","511_Fm2_a_Satellite","YO|OO","Total","Satellite","Black",NA,"Fm2","Lek3","a",511,6,6,"3","3_Lek3_3","3_Lek3",NA,NA,NA,NA,NA,NA,NA,NA,NA,NA,NA,NA,NA,NA,NA,NA,NA,NA,NA,NA,NA,NA,NA,NA,NA,NA,NA,NA,NA,NA
"196",394,"Lek3_2021_511_m","511_Fm2_m_Marginal","ODb|YDb","Unpaired","Marginal","Black/gray",NA,"Fm2","Lek3","m",511,6,6,"3","3_Lek3_3","3_Lek3",70,"group_4",0,NA,0,0,1,1,NA,0,1,1,NA,0,13,NA,11,NA,2,13,11,NA,2,2,1,NA,1,NA,NA,NA
"197",395,"Lek3_2021_511_m","511_Fm2_m_Marginal","XO|XX","Unpaired","Marginal","black/grey/beige",NA,"Fm2","Lek3","m",511,6,6,"3","3_Lek3_3","3_Lek3",71,"group_4",0,NA,0,0,1,0,NA,1,1,0,NA,1,1,NA,0,NA,1,2,NA,NA,2,NA,NA,NA,NA,NA,NA,NA
"198",396,"Lek3_2021_511_m","511_Fm2_m_Marginal","YO|OO","Unpaired","Marginal","Black",NA,"Fm2","Lek3","m",511,6,6,"3","3_Lek3_3","3_Lek3",72,"group_4",0,NA,0,0,0,0,NA,0,0,0,NA,0,9,NA,4,NA,5,9,4,NA,5,NA,NA,NA,NA,NA,NA,NA
"199",397,"Lek3_2021_512_a","512_Fm2_a_Marginal","DbLb|DbP","Unpaired","Marginal","black/beige",NA,"Fm2","Lek3","a",512,1,7,"4","2_Lek3_4","2_Lek3",79,"group_7",9,5,9,9,0,0,NA,0,9,9,NA,0,5,4,5,NA,0,10,7,NA,3,NA,NA,NA,NA,7,101.233,8
"200",398,"Lek3_2021_512_a","512_Fm2_a_Marginal","DbLb|OY","Unpaired","Marginal","Brown/white",NA,"Fm2","Lek3","a",512,1,7,"4","2_Lek3_4","2_Lek3",80,"group_7",9,NA,9,9,0,0,NA,0,9,9,NA,0,1,NA,1,NA,0,4,3,NA,1,NA,NA,NA,NA,9,13.081,9
"201",399,"Lek3_2021_512_a","512_Fm2_a_Marginal","ODb|YDb","Unpaired","Marginal","Black/gray",NA,"Fm2","Lek3","a",512,1,7,"4","2_Lek3_4","2_Lek3",81,"group_7",1,NA,1,1,0,0,NA,0,1,1,NA,0,0,NA,0,NA,0,NA,NA,NA,NA,NA,NA,NA,NA,1,60.8,NA
"202",400,"Lek3_2021_513_m","513_Fm2_m_Marginal","DbLb|DbP","Unpaired","Marginal","black/beige",NA,"Fm2","Lek3","m",513,2,8,"4","2_Lek3_4","2_Lek3",94,"group_7",1,4,1,1,0,0,NA,0,1,1,NA,0,14,10,14,NA,0,15,15,NA,NA,NA,NA,NA,NA,1,1.28,1
"203",401,"Lek3_2021_513_m","513_Fm2_m_Marginal","DbLb|OY","Unpaired","Marginal","Brown/white",NA,"Fm2","Lek3","m",513,2,8,"4","2_Lek3_4","2_Lek3",95,"group_7",1,0,1,1,0,0,NA,0,1,1,NA,0,1,0,1,NA,0,2,2,NA,NA,NA,NA,NA,NA,1,2.36,1
"204",402,"Lek3_2021_513_m","513_Fm2_m_Marginal","ODb|YDb","Unpaired","Marginal","Black/gray",NA,"Fm2","Lek3","m",513,2,8,"4","2_Lek3_4","2_Lek3",96,"group_7",1,NA,1,1,0,0,NA,0,1,1,NA,0,0,NA,0,NA,0,NA,NA,NA,NA,NA,NA,NA,NA,1,1.4,1
"205",403,"Lek3_2021_514_a","514_Fm2_a_Marginal","DbLb|DbP","Unpaired","Marginal","black/beige",NA,"Fm2","Lek3","a",514,3,9,"4","2_Lek3_4","2_Lek3",103,"group_7",0,0,0,0,0,0,NA,0,0,0,NA,0,8,8,8,NA,0,NA,NA,NA,NA,NA,NA,NA,NA,NA,NA,NA
"206",404,"Lek3_2021_514_a","514_Fm2_a_Marginal","DbLb|OY","Unpaired","Marginal","Brown/white",NA,"Fm2","Lek3","a",514,3,9,"4","2_Lek3_4","2_Lek3",104,"group_7",2,NA,2,2,0,0,NA,0,2,2,NA,0,2,NA,2,NA,0,NA,NA,NA,NA,NA,NA,NA,NA,NA,NA,NA
"207",405,"Lek3_2021_514_a","514_Fm2_a_Marginal","ODb|YDb","Unpaired","Marginal","Black/gray",NA,"Fm2","Lek3","a",514,3,9,"4","2_Lek3_4","2_Lek3",105,"group_7",4,NA,4,4,0,0,NA,0,4,4,NA,0,1,NA,1,NA,0,NA,NA,NA,NA,NA,NA,NA,NA,NA,NA,NA
"208",407,"Lek3_2021_515_m","515_Fm2_m_Satellite","DbLb|DbP","Total","Satellite","black/beige",NA,"Fm2","Lek3","m",515,4,10,"4","2_Lek3_4","2_Lek3",118,"group_7",14,17,14,14,5,4,1,NA,19,18,1,NA,27,29,26,1,NA,28,27,1,NA,6,5,1,NA,12,24.399,12
"209",410,"Lek3_2021_515_m","515_Fm2_m_Satellite","DbLb|OY","Total","Satellite","Brown/white",NA,"Fm2","Lek3","m",515,4,10,"4","2_Lek3_4","2_Lek3",119,"group_7",7,7,7,7,0,0,0,NA,7,7,0,NA,6,1,6,0,NA,5,5,NA,NA,NA,NA,NA,NA,7,15.479,7
"210",413,"Lek3_2021_515_m","515_Fm2_m_Satellite","ODb|YDb","Total","Satellite","Black/gray",NA,"Fm2","Lek3","m",515,4,10,"4","2_Lek3_4","2_Lek3",120,"group_7",1,0,1,1,0,0,0,NA,1,1,0,NA,0,0,0,0,NA,NA,NA,NA,NA,NA,NA,NA,NA,1,3.88,1
"211",416,"Lek3_2021_516_a","516_Fm2_a_Satellite","DbLb|DbP","Total","Satellite","black/beige",NA,"Fm2","Lek3","a",516,5,11,"4","2_Lek3_4","2_Lek3",130,"group_7",1,2,1,1,2,1,1,NA,3,2,1,NA,25,28,20,5,NA,25,20,5,NA,2,1,1,NA,1,0.96,1
"212",419,"Lek3_2021_516_a","516_Fm2_a_Satellite","DbLb|OY","Total","Satellite","Brown/white",NA,"Fm2","Lek3","a",516,5,11,"4","2_Lek3_4","2_Lek3",131,"group_7",3,0,3,3,0,0,0,NA,3,3,0,NA,3,0,3,0,NA,4,4,NA,NA,1,1,NA,NA,2,2.72,2
"213",422,"Lek3_2021_516_a","516_Fm2_a_Satellite","ODb|YDb","Total","Satellite","Black/gray",NA,"Fm2","Lek3","a",516,5,11,"4","2_Lek3_4","2_Lek3",132,"group_7",1,0,1,1,1,1,0,NA,2,2,0,NA,2,0,2,0,NA,2,2,NA,NA,1,1,NA,NA,1,0.6,1
"214",425,"Lek3_2021_517_m","517_Fm2_m_Satellite","DbLb|DbP","Total","Satellite","black/beige",NA,"Fm2","Lek3","m",517,6,12,"4","2_Lek3_4","2_Lek3",142,"group_7",2,6,2,2,2,1,1,NA,4,3,1,NA,46,51,44,2,NA,47,45,2,NA,2,1,1,NA,2,1.319,2
"215",428,"Lek3_2021_517_m","517_Fm2_m_Satellite","DbLb|OY","Total","Satellite","Brown/white",NA,"Fm2","Lek3","m",517,6,12,"4","2_Lek3_4","2_Lek3",143,"group_7",4,0,4,4,0,0,0,NA,4,4,0,NA,2,0,2,0,NA,3,3,NA,NA,NA,NA,NA,NA,4,4.52,4
"216",431,"Lek3_2021_517_m","517_Fm2_m_Satellite","ODb|YDb","Total","Satellite","Black/gray",NA,"Fm2","Lek3","m",517,6,12,"4","2_Lek3_4","2_Lek3",144,"group_7",0,0,0,0,0,0,0,NA,0,0,0,NA,0,0,0,0,NA,NA,NA,NA,NA,NA,NA,NA,NA,NA,NA,NA
"217",434,"Lek3_2021_518_m","518_Fm2_m_Satellite","ODb|YDb","Total","Satellite","Black/gray",NA,"Fm2","Lek3","m",518,1,13,"5","3_Lek3_5","3_Lek3",154,"group_4",0,2,0,0,2,1,1,NA,2,1,1,NA,24,19,24,0,NA,22,22,NA,NA,2,1,1,NA,NA,NA,NA
"218",437,"Lek3_2021_518_m","518_Fm2_m_Satellite","XO|XX","Total","Satellite","black/grey/beige",NA,"Fm2","Lek3","m",518,1,13,"5","3_Lek3_5","3_Lek3",155,"group_4",0,0,0,0,1,0,1,NA,1,0,1,NA,5,0,5,0,NA,5,5,NA,NA,1,NA,1,NA,NA,NA,NA
"219",440,"Lek3_2021_518_m","518_Fm2_m_Satellite","YO|OO","Total","Satellite","Black",NA,"Fm2","Lek3","m",518,1,13,"5","3_Lek3_5","3_Lek3",156,"group_4",2,0,2,2,0,0,0,NA,2,2,0,NA,12,0,12,0,NA,12,12,NA,NA,NA,NA,NA,NA,2,4.279,2
"220",443,"Lek3_2021_519_a","519_Fm2_a_Satellite","ODb|YDb","Total","Satellite","Black/gray",NA,"Fm2","Lek3","a",519,2,14,"5","3_Lek3_5","3_Lek3",166,"group_4",0,NA,0,0,0,0,0,NA,0,0,0,NA,19,NA,16,3,NA,NA,NA,NA,NA,NA,NA,NA,NA,NA,NA,NA
"221",446,"Lek3_2021_519_a","519_Fm2_a_Satellite","XO|XX","Total","Satellite","black/grey/beige",NA,"Fm2","Lek3","a",519,2,14,"5","3_Lek3_5","3_Lek3",167,"group_4",0,NA,0,0,1,0,1,NA,1,0,1,NA,1,NA,0,1,NA,NA,NA,NA,NA,NA,NA,NA,NA,NA,NA,NA
"222",449,"Lek3_2021_519_a","519_Fm2_a_Satellite","YO|OO","Total","Satellite","Black",NA,"Fm2","Lek3","a",519,2,14,"5","3_Lek3_5","3_Lek3",168,"group_4",0,NA,0,0,0,0,0,NA,0,0,0,NA,1,NA,1,0,NA,NA,NA,NA,NA,NA,NA,NA,NA,NA,NA,NA
"223",452,"Lek3_2021_520_m","520_Fm2_m_Satellite","ODb|YDb","Total","Satellite","Black/gray",NA,"Fm2","Lek3","m",520,3,15,"5","3_Lek3_5","3_Lek3",178,"group_4",0,0,0,0,2,1,1,NA,2,1,1,NA,11,8,11,0,NA,11,11,NA,NA,1,NA,1,NA,NA,NA,NA
"224",455,"Lek3_2021_520_m","520_Fm2_m_Satellite","XO|XX","Total","Satellite","black/grey/beige",NA,"Fm2","Lek3","m",520,3,15,"5","3_Lek3_5","3_Lek3",179,"group_4",0,0,0,0,2,0,2,NA,2,0,2,NA,0,0,0,0,NA,NA,NA,NA,NA,2,NA,2,NA,NA,NA,NA
"225",458,"Lek3_2021_520_m","520_Fm2_m_Satellite","YO|OO","Total","Satellite","Black",NA,"Fm2","Lek3","m",520,3,15,"5","3_Lek3_5","3_Lek3",180,"group_4",0,2,0,0,0,0,0,NA,0,0,0,NA,7,6,7,0,NA,7,7,NA,NA,1,1,NA,NA,NA,NA,NA
"226",460,"Lek3_2021_521_a","521_Fm2_a_Marginal","ODb|YDb","Unpaired","Marginal","Black/gray",NA,"Fm2","Lek3","a",521,4,16,"5","3_Lek3_5","3_Lek3",184,"group_4",0,0,0,0,0,0,NA,0,0,0,NA,0,7,4,4,NA,3,NA,NA,NA,NA,NA,NA,NA,NA,NA,NA,NA
"227",461,"Lek3_2021_521_a","521_Fm2_a_Marginal","XO|XX","Unpaired","Marginal","black/grey/beige",NA,"Fm2","Lek3","a",521,4,16,"5","3_Lek3_5","3_Lek3",185,"group_4",0,NA,0,0,0,0,NA,0,0,0,NA,0,3,NA,3,NA,0,NA,NA,NA,NA,NA,NA,NA,NA,NA,NA,NA
"228",462,"Lek3_2021_521_a","521_Fm2_a_Marginal","YO|OO","Unpaired","Marginal","Black",NA,"Fm2","Lek3","a",521,4,16,"5","3_Lek3_5","3_Lek3",186,"group_4",0,NA,0,0,0,0,NA,0,0,0,NA,0,0,NA,0,NA,0,NA,NA,NA,NA,NA,NA,NA,NA,NA,NA,NA
"229",463,"Lek3_2021_522_a","522_Fm2_a_Marginal","ODb|YDb","Unpaired","Marginal","Black/gray",NA,"Fm2","Lek3","a",522,5,17,"5","3_Lek3_5","3_Lek3",193,"group_4",1,NA,1,1,0,0,NA,0,1,1,NA,0,8,NA,8,NA,0,NA,NA,NA,NA,NA,NA,NA,NA,NA,NA,NA
"230",464,"Lek3_2021_522_a","522_Fm2_a_Marginal","XO|XX","Unpaired","Marginal","black/grey/beige",NA,"Fm2","Lek3","a",522,5,17,"5","3_Lek3_5","3_Lek3",194,"group_4",1,NA,1,1,0,0,NA,0,1,1,NA,0,4,NA,1,NA,3,NA,NA,NA,NA,NA,NA,NA,NA,NA,NA,NA
"231",465,"Lek3_2021_522_a","522_Fm2_a_Marginal","YO|OO","Unpaired","Marginal","Black",NA,"Fm2","Lek3","a",522,5,17,"5","3_Lek3_5","3_Lek3",195,"group_4",0,NA,0,0,0,0,NA,0,0,0,NA,0,3,NA,3,NA,0,NA,NA,NA,NA,NA,NA,NA,NA,NA,NA,NA
"232",466,"Lek3_2021_523_a","523_Fm2_a_Marginal","ODb|YDb","Unpaired","Marginal","Black/gray",NA,"Fm2","Lek3","a",523,6,18,"5","3_Lek3_5","3_Lek3",208,"group_4",0,NA,0,0,0,0,NA,0,0,0,NA,0,7,NA,6,NA,1,NA,NA,NA,NA,NA,NA,NA,NA,NA,NA,NA
"233",467,"Lek3_2021_523_a","523_Fm2_a_Marginal","XO|XX","Unpaired","Marginal","black/grey/beige",NA,"Fm2","Lek3","a",523,6,18,"5","3_Lek3_5","3_Lek3",209,"group_4",0,NA,0,0,0,0,NA,0,0,0,NA,0,1,NA,0,NA,1,NA,NA,NA,NA,NA,NA,NA,NA,NA,NA,NA
"234",468,"Lek3_2021_523_a","523_Fm2_a_Marginal","YO|OO","Unpaired","Marginal","Black",NA,"Fm2","Lek3","a",523,6,18,"5","3_Lek3_5","3_Lek3",210,"group_4",0,NA,0,0,0,0,NA,0,0,0,NA,0,4,NA,4,NA,0,NA,NA,NA,NA,NA,NA,NA,NA,NA,NA,NA
"235",470,"Lek3_2021_524_a","524_Fm2_a_Satellite","DbLb|DbP","Total","Satellite","black/beige",NA,"Fm2","Lek3","a",524,1,19,"6","2_Lek3_6","2_Lek3",226,"group_7",19,15,19,19,2,1,1,NA,21,20,1,NA,10,5,10,0,NA,10,10,NA,NA,2,2,NA,NA,18,79.68,18
"236",473,"Lek3_2021_524_a","524_Fm2_a_Satellite","DbLb|OY","Total","Satellite","Brown/white",NA,"Fm2","Lek3","a",524,1,19,"6","2_Lek3_6","2_Lek3",227,"group_7",6,0,6,6,1,0,1,NA,7,6,1,NA,3,0,3,0,NA,3,3,NA,NA,1,NA,1,NA,6,11.92,6
"237",476,"Lek3_2021_524_a","524_Fm2_a_Satellite","ODb|YDb","Total","Satellite","Black/gray",NA,"Fm2","Lek3","a",524,1,19,"6","2_Lek3_6","2_Lek3",228,"group_7",6,5,6,6,0,0,0,NA,6,6,0,NA,0,0,0,0,NA,NA,NA,NA,NA,NA,NA,NA,NA,6,41.612,6
"238",479,"Lek3_2021_525_m","525_Fm2_m_Satellite","DbLb|DbP","Total","Satellite","black/beige",NA,"Fm2","Lek3","m",525,2,20,"6","2_Lek3_6","2_Lek3",238,"group_7",5,6,5,5,1,1,0,NA,6,6,0,NA,23,10,23,0,NA,23,23,NA,NA,1,1,NA,NA,5,8.8,5
"239",482,"Lek3_2021_525_m","525_Fm2_m_Satellite","DbLb|OY","Total","Satellite","Brown/white",NA,"Fm2","Lek3","m",525,2,20,"6","2_Lek3_6","2_Lek3",239,"group_7",3,0,3,3,0,0,0,NA,3,3,0,NA,2,0,2,0,NA,2,2,NA,NA,NA,NA,NA,NA,3,3.039,3
"240",485,"Lek3_2021_525_m","525_Fm2_m_Satellite","ODb|YDb","Total","Satellite","Black/gray",NA,"Fm2","Lek3","m",525,2,20,"6","2_Lek3_6","2_Lek3",240,"group_7",0,0,0,0,0,0,0,NA,0,0,0,NA,2,0,2,0,NA,2,2,NA,NA,NA,NA,NA,NA,NA,NA,NA
"241",488,"Lek3_2021_526_a","526_Fm2_a_Satellite","DbLb|DbP","Total","Satellite","black/beige",NA,"Fm2","Lek3","a",526,3,21,"6","2_Lek3_6","2_Lek3",250,"group_7",2,2,2,2,0,0,0,NA,2,2,0,NA,22,17,22,0,NA,NA,NA,NA,NA,NA,NA,NA,NA,NA,NA,NA
"242",491,"Lek3_2021_526_a","526_Fm2_a_Satellite","DbLb|OY","Total","Satellite","Brown/white",NA,"Fm2","Lek3","a",526,3,21,"6","2_Lek3_6","2_Lek3",251,"group_7",0,0,0,0,0,0,0,NA,0,0,0,NA,1,0,1,0,NA,NA,NA,NA,NA,NA,NA,NA,NA,NA,NA,NA
"243",494,"Lek3_2021_526_a","526_Fm2_a_Satellite","ODb|YDb","Total","Satellite","Black/gray",NA,"Fm2","Lek3","a",526,3,21,"6","2_Lek3_6","2_Lek3",252,"group_7",0,0,0,0,0,0,0,NA,0,0,0,NA,2,0,2,0,NA,NA,NA,NA,NA,NA,NA,NA,NA,NA,NA,NA
"244",496,"Lek3_2021_527_m","527_Fm2_m_Marginal","DbLb|DbP","Unpaired","Marginal","black/beige",NA,"Fm2","Lek3","m",527,4,22,"6","2_Lek3_6","2_Lek3",256,"group_7",0,0,0,0,1,0,NA,1,1,0,NA,1,41,13,32,NA,9,NA,NA,NA,NA,NA,NA,NA,NA,NA,NA,NA
"245",497,"Lek3_2021_527_m","527_Fm2_m_Marginal","DbLb|OY","Unpaired","Marginal","Brown/white",NA,"Fm2","Lek3","m",527,4,22,"6","2_Lek3_6","2_Lek3",257,"group_7",0,NA,0,0,0,0,NA,0,0,0,NA,0,0,NA,0,NA,0,NA,NA,NA,NA,NA,NA,NA,NA,NA,NA,NA
"246",498,"Lek3_2021_527_m","527_Fm2_m_Marginal","ODb|YDb","Unpaired","Marginal","Black/gray",NA,"Fm2","Lek3","m",527,4,22,"6","2_Lek3_6","2_Lek3",258,"group_7",0,0,0,0,0,0,NA,0,0,0,NA,0,9,1,0,NA,9,NA,NA,NA,NA,NA,NA,NA,NA,NA,NA,NA
"247",499,"Lek3_2021_528_a","528_Fm2_a_Marginal","DbLb|DbP","Unpaired","Marginal","black/beige",NA,"Fm2","Lek3","a",528,5,23,"6","2_Lek3_6","2_Lek3",265,"group_7",2,2,2,2,0,0,NA,0,2,2,NA,0,12,6,9,NA,3,NA,NA,NA,NA,NA,NA,NA,NA,NA,NA,NA
"248",500,"Lek3_2021_528_a","528_Fm2_a_Marginal","DbLb|OY","Unpaired","Marginal","Brown/white",NA,"Fm2","Lek3","a",528,5,23,"6","2_Lek3_6","2_Lek3",266,"group_7",2,NA,2,2,0,0,NA,0,2,2,NA,0,9,NA,5,NA,4,NA,NA,NA,NA,NA,NA,NA,NA,NA,NA,NA
"249",501,"Lek3_2021_528_a","528_Fm2_a_Marginal","ODb|YDb","Unpaired","Marginal","Black/gray",NA,"Fm2","Lek3","a",528,5,23,"6","2_Lek3_6","2_Lek3",267,"group_7",0,NA,0,0,0,0,NA,0,0,0,NA,0,0,NA,0,NA,0,NA,NA,NA,NA,NA,NA,NA,NA,NA,NA,NA
"250",502,"Lek3_2021_529_m","529_Fm2_m_Marginal","DbLb|DbP","Unpaired","Marginal","black/beige",NA,"Fm2","Lek3","m",529,6,24,"6","2_Lek3_6","2_Lek3",286,"group_7",2,3,2,2,0,0,NA,0,2,2,NA,0,50,39,47,NA,3,NA,NA,NA,NA,NA,NA,NA,NA,NA,NA,NA
"251",503,"Lek3_2021_529_m","529_Fm2_m_Marginal","DbLb|OY","Unpaired","Marginal","Brown/white",NA,"Fm2","Lek3","m",529,6,24,"6","2_Lek3_6","2_Lek3",287,"group_7",2,NA,2,2,1,0,NA,1,3,2,NA,1,11,NA,3,NA,8,NA,NA,NA,NA,NA,NA,NA,NA,NA,NA,NA
"252",504,"Lek3_2021_529_m","529_Fm2_m_Marginal","ODb|YDb","Unpaired","Marginal","Black/gray",NA,"Fm2","Lek3","m",529,6,24,"6","2_Lek3_6","2_Lek3",288,"group_7",1,1,1,1,1,0,NA,1,2,1,NA,1,2,2,0,NA,2,NA,NA,NA,NA,NA,NA,NA,NA,NA,NA,NA
"253",505,"Lek3_2021_530_a","530_Fm2_a_Marginal","GLb|GY","Unpaired","Marginal","brown black",NA,"Fm2","Lek3","a",530,1,25,"7a","1_Lek3_7a","1_Lek3",289,"group_10",5,5,5,5,1,0,NA,1,6,5,NA,1,16,12,5,NA,11,NA,NA,NA,NA,NA,NA,NA,NA,NA,NA,NA
"254",506,"Lek3_2021_530_a","530_Fm2_a_Marginal","GO|LbY","Unpaired","Marginal","Grey Tiger",NA,"Fm2","Lek3","a",530,1,25,"7a","1_Lek3_7a","1_Lek3",290,"group_10",2,NA,2,2,1,1,NA,0,3,3,NA,0,1,NA,1,NA,0,NA,NA,NA,NA,NA,NA,NA,NA,NA,NA,NA
"255",507,"Lek3_2021_530_a","530_Fm2_a_Marginal","YO|OO","Unpaired","Marginal","Black",NA,"Fm2","Lek3","a",530,1,25,"7a","1_Lek3_7a","1_Lek3",291,"group_10",0,NA,0,0,0,0,NA,0,0,0,NA,0,0,NA,0,NA,0,NA,NA,NA,NA,NA,NA,NA,NA,NA,NA,NA
"256",508,"Lek3_2021_530_m","530_Fm2_m_Marginal","GLb|GY","Unpaired","Marginal","brown black",NA,"Fm2","Lek3","m",530,1,25,"7m","1_Lek3_7m","1_Lek3",292,"group_10",4,3,4,4,0,0,NA,0,4,4,NA,0,2,2,2,NA,0,NA,NA,NA,NA,NA,NA,NA,NA,NA,NA,NA
"257",509,"Lek3_2021_530_m","530_Fm2_m_Marginal","GO|LbY","Unpaired","Marginal","Grey Tiger",NA,"Fm2","Lek3","m",530,1,25,"7m","1_Lek3_7m","1_Lek3",293,"group_10",4,NA,4,4,1,1,NA,0,5,5,NA,0,11,NA,1,NA,10,NA,NA,NA,NA,NA,NA,NA,NA,NA,NA,NA
"258",510,"Lek3_2021_530_m","530_Fm2_m_Marginal","YO|OO","Unpaired","Marginal","Black",NA,"Fm2","Lek3","m",530,1,25,"7m","1_Lek3_7m","1_Lek3",294,"group_10",0,NA,0,0,1,0,NA,1,1,0,NA,1,2,NA,1,NA,1,NA,NA,NA,NA,NA,NA,NA,NA,NA,NA,NA
"259",511,"Lek3_2021_531_a","531_Fm2_a_Marginal","BlW|PP","Unpaired","Marginal","Black",NA,"Fm2","Lek3","a",531,2,26,"7a","1_Lek3_7a","1_Lek3",301,"group_10",0,NA,0,0,0,0,NA,0,0,0,NA,0,0,NA,0,NA,0,NA,NA,NA,NA,NA,NA,NA,NA,NA,NA,NA
"260",512,"Lek3_2021_531_a","531_Fm2_a_Marginal","GLb|GY","Unpaired","Marginal","brown black",NA,"Fm2","Lek3","a",531,2,26,"7a","1_Lek3_7a","1_Lek3",302,"group_10",0,1,0,0,0,0,NA,0,0,0,NA,0,19,8,6,NA,13,20,6,NA,14,NA,NA,NA,NA,NA,NA,NA
"261",513,"Lek3_2021_531_a","531_Fm2_a_Marginal","GO|LbY","Unpaired","Marginal","Grey Tiger",NA,"Fm2","Lek3","a",531,2,26,"7a","1_Lek3_7a","1_Lek3",303,"group_10",0,NA,0,0,0,0,NA,0,0,0,NA,0,5,NA,2,NA,3,5,2,NA,3,NA,NA,NA,NA,NA,NA,NA
"262",514,"Lek3_2021_531_m","531_Fm2_m_Marginal","GLb|GY","Unpaired","Marginal","brown black",NA,"Fm2","Lek3","m",531,2,26,"7m","1_Lek3_7m","1_Lek3",304,"group_10",12,NA,12,12,0,0,NA,0,12,12,NA,0,4,NA,2,NA,2,NA,NA,NA,NA,NA,NA,NA,NA,NA,NA,NA
"263",515,"Lek3_2021_531_m","531_Fm2_m_Marginal","GO|LbY","Unpaired","Marginal","Grey Tiger",NA,"Fm2","Lek3","m",531,2,26,"7m","1_Lek3_7m","1_Lek3",305,"group_10",0,NA,0,0,0,0,NA,0,0,0,NA,0,1,NA,0,NA,1,NA,NA,NA,NA,NA,NA,NA,NA,NA,NA,NA
"264",516,"Lek3_2021_531_m","531_Fm2_m_Marginal","YO|OO","Unpaired","Marginal","Black",NA,"Fm2","Lek3","m",531,2,26,"7m","1_Lek3_7m","1_Lek3",306,"group_10",0,NA,0,0,0,0,NA,0,0,0,NA,0,4,NA,0,NA,4,NA,NA,NA,NA,NA,NA,NA,NA,NA,NA,NA
"265",517,"Lek3_2021_601_a","601_Fm2_a_Marginal","BlW|PP","Unpaired","Marginal","black/white",NA,"Fm2","Lek3","a",601,3,27,"7a","1_Lek3_7a","1_Lek3",319,"group_10",0,NA,0,0,0,0,NA,0,0,0,NA,0,0,NA,0,NA,0,NA,NA,NA,NA,NA,NA,NA,NA,NA,NA,NA
"266",518,"Lek3_2021_601_a","601_Fm2_a_Marginal","GLb|GY","Unpaired","Marginal","brown black",NA,"Fm2","Lek3","a",601,3,27,"7a","1_Lek3_7a","1_Lek3",320,"group_10",0,0,0,0,1,1,NA,0,1,1,NA,0,13,5,11,NA,2,NA,NA,NA,NA,NA,NA,NA,NA,NA,NA,NA
"267",519,"Lek3_2021_601_a","601_Fm2_a_Marginal","GO|LbY","Unpaired","Marginal","Grey Tiger",NA,"Fm2","Lek3","a",601,3,27,"7a","1_Lek3_7a","1_Lek3",321,"group_10",0,NA,0,0,0,0,NA,0,0,0,NA,0,6,NA,3,NA,3,NA,NA,NA,NA,NA,NA,NA,NA,NA,NA,NA
"268",520,"Lek3_2021_601_m","601_Fm2_m_Marginal","BlW|PP","Unpaired","Marginal","black/white",NA,"Fm2","Lek3","m",601,3,27,"7m","1_Lek3_7m","1_Lek3",322,"group_10",0,NA,0,0,0,0,NA,0,0,0,NA,0,0,NA,0,NA,0,NA,NA,NA,NA,NA,NA,NA,NA,NA,NA,NA
"269",521,"Lek3_2021_601_m","601_Fm2_m_Marginal","GLb|GY","Unpaired","Marginal","brown black",NA,"Fm2","Lek3","m",601,3,27,"7m","1_Lek3_7m","1_Lek3",323,"group_10",3,2,3,3,0,0,NA,0,3,3,NA,0,4,1,3,NA,1,NA,NA,NA,NA,NA,NA,NA,NA,NA,NA,NA
"270",522,"Lek3_2021_601_m","601_Fm2_m_Marginal","GO|LbY","Unpaired","Marginal","Grey Tiger",NA,"Fm2","Lek3","m",601,3,27,"7m","1_Lek3_7m","1_Lek3",324,"group_10",2,NA,2,2,0,0,NA,0,2,2,NA,0,7,NA,3,NA,4,NA,NA,NA,NA,NA,NA,NA,NA,NA,NA,NA
"271",524,"Lek3_2021_602_a","602_Fm2_a_Satellite","BlW|PP","Total","Satellite","black/white",NA,"Fm2","Lek3","a",602,4,28,"7a","1_Lek3_7a","1_Lek3",331,"group_10",0,0,0,0,0,0,0,NA,0,0,0,NA,0,0,0,0,NA,NA,NA,NA,NA,NA,NA,NA,NA,NA,NA,NA
"272",527,"Lek3_2021_602_a","602_Fm2_a_Satellite","GLb|GY","Total","Satellite","brown black",NA,"Fm2","Lek3","a",602,4,28,"7a","1_Lek3_7a","1_Lek3",332,"group_10",5,3,5,5,0,0,0,NA,5,5,0,NA,10,2,10,0,NA,9,9,NA,NA,1,1,NA,NA,4,19.499,4
"273",530,"Lek3_2021_602_a","602_Fm2_a_Satellite","GO|LbY","Total","Satellite","Grey Tiger",NA,"Fm2","Lek3","a",602,4,28,"7a","1_Lek3_7a","1_Lek3",333,"group_10",0,0,0,0,0,0,0,NA,0,0,0,NA,1,0,0,1,NA,1,NA,1,NA,NA,NA,NA,NA,NA,NA,NA
"274",533,"Lek3_2021_602_m","602_Fm2_m_Satellite","BlW|PP","Total","Satellite","black/white",NA,"Fm2","Lek3","m",602,4,28,"7m","1_Lek3_7m","1_Lek3",334,"group_10",0,0,0,0,1,0,1,NA,1,0,1,NA,1,0,0,1,NA,1,NA,1,NA,1,NA,1,NA,NA,NA,NA
"275",536,"Lek3_2021_602_m","602_Fm2_m_Satellite","GLb|GY","Total","Satellite","brown black",NA,"Fm2","Lek3","m",602,4,28,"7m","1_Lek3_7m","1_Lek3",335,"group_10",1,2,1,1,1,1,0,NA,2,2,0,NA,19,10,19,0,NA,19,19,NA,NA,NA,NA,NA,NA,1,1.36,1
"276",539,"Lek3_2021_602_m","602_Fm2_m_Satellite","GO|LbY","Total","Satellite","Grey Tiger",NA,"Fm2","Lek3","m",602,4,28,"7m","1_Lek3_7m","1_Lek3",336,"group_10",0,0,0,0,0,0,0,NA,0,0,0,NA,9,0,9,0,NA,9,9,NA,NA,NA,NA,NA,NA,NA,NA,NA
"277",542,"Lek3_2021_603_a","603_Fm2_a_Satellite","BlW|PP","Total","Satellite","black/white",NA,"Fm2","Lek3","a",603,5,29,"7a","1_Lek3_7a","1_Lek3",343,"group_10",0,0,0,0,1,0,1,NA,1,0,1,NA,1,0,0,1,NA,NA,NA,NA,NA,NA,NA,NA,NA,NA,NA,NA
"278",545,"Lek3_2021_603_a","603_Fm2_a_Satellite","GLb|GY","Total","Satellite","brown black",NA,"Fm2","Lek3","a",603,5,29,"7a","1_Lek3_7a","1_Lek3",344,"group_10",0,0,0,0,0,0,0,NA,0,0,0,NA,3,1,3,0,NA,NA,NA,NA,NA,NA,NA,NA,NA,NA,NA,NA
"279",548,"Lek3_2021_603_a","603_Fm2_a_Satellite","GO|LbY","Total","Satellite","Grey Tiger",NA,"Fm2","Lek3","a",603,5,29,"7a","1_Lek3_7a","1_Lek3",345,"group_10",0,0,0,0,1,0,1,NA,1,0,1,NA,1,0,1,0,NA,NA,NA,NA,NA,NA,NA,NA,NA,NA,NA,NA
"280",551,"Lek3_2021_603_m","603_Fm2_m_Satellite","BlW|PP","Total","Satellite","black/white",NA,"Fm2","Lek3","m",603,5,29,"7m","1_Lek3_7m","1_Lek3",346,"group_10",0,0,0,0,0,0,0,NA,0,0,0,NA,0,0,0,0,NA,NA,NA,NA,NA,NA,NA,NA,NA,NA,NA,NA
"281",554,"Lek3_2021_603_m","603_Fm2_m_Satellite","GLb|GY","Total","Satellite","brown black",NA,"Fm2","Lek3","m",603,5,29,"7m","1_Lek3_7m","1_Lek3",347,"group_10",0,0,0,0,0,0,0,NA,0,0,0,NA,14,1,14,0,NA,NA,NA,NA,NA,NA,NA,NA,NA,NA,NA,NA
"282",557,"Lek3_2021_603_m","603_Fm2_m_Satellite","GO|LbY","Total","Satellite","Grey Tiger",NA,"Fm2","Lek3","m",603,5,29,"7m","1_Lek3_7m","1_Lek3",348,"group_10",0,0,0,0,0,0,0,NA,0,0,0,NA,0,0,0,0,NA,NA,NA,NA,NA,NA,NA,NA,NA,NA,NA,NA
"283",560,"Lek3_2021_604_a","604_Fm2_a_Satellite","BlW|PP","Total","Satellite","black/white",NA,"Fm2","Lek3","a",604,6,30,"7a","1_Lek3_7a","1_Lek3",355,"group_10",0,0,0,0,0,0,0,NA,0,0,0,NA,0,0,0,0,NA,NA,NA,NA,NA,NA,NA,NA,NA,NA,NA,NA
"284",563,"Lek3_2021_604_a","604_Fm2_a_Satellite","GLb|GY","Total","Satellite","brown black",NA,"Fm2","Lek3","a",604,6,30,"7a","1_Lek3_7a","1_Lek3",356,"group_10",0,0,0,0,0,0,0,NA,0,0,0,NA,10,8,10,0,NA,NA,NA,NA,NA,NA,NA,NA,NA,NA,NA,NA
"285",566,"Lek3_2021_604_a","604_Fm2_a_Satellite","GO|LbY","Total","Satellite","Grey Tiger",NA,"Fm2","Lek3","a",604,6,30,"7a","1_Lek3_7a","1_Lek3",357,"group_10",0,0,0,0,0,0,0,NA,0,0,0,NA,0,0,0,0,NA,NA,NA,NA,NA,NA,NA,NA,NA,NA,NA,NA
"286",569,"Lek3_2021_604_m","604_Fm2_m_Satellite","BlW|PP","Total","Satellite","black/white",NA,"Fm2","Lek3","m",604,6,30,"7m","1_Lek3_7m","1_Lek3",358,"group_10",0,0,0,0,0,0,0,NA,0,0,0,NA,1,0,0,1,NA,NA,NA,NA,NA,NA,NA,NA,NA,NA,NA,NA
"287",572,"Lek3_2021_604_m","604_Fm2_m_Satellite","GLb|GY","Total","Satellite","brown black",NA,"Fm2","Lek3","m",604,6,30,"7m","1_Lek3_7m","1_Lek3",359,"group_10",0,0,0,0,1,0,1,NA,1,0,1,NA,5,2,5,0,NA,NA,NA,NA,NA,NA,NA,NA,NA,NA,NA,NA
"288",575,"Lek3_2021_604_m","604_Fm2_m_Satellite","GO|LbY","Total","Satellite","Grey Tiger",NA,"Fm2","Lek3","m",604,6,30,"7m","1_Lek3_7m","1_Lek3",360,"group_10",0,0,0,0,0,0,0,NA,0,0,0,NA,4,0,3,1,NA,NA,NA,NA,NA,NA,NA,NA,NA,NA,NA,NA
"289",577,"Lek4_2021_506_m","506_Fm2_m_Marginal","DbLb|OY","Unpaired","Marginal","Brown/white",NA,"Fm2","Lek4","m",506,1,1,"3","3_Lek4_3","3_Lek4",10,"group_2",0,NA,0,0,0,0,NA,0,0,0,NA,0,0,NA,0,NA,0,1,NA,NA,1,NA,NA,NA,NA,NA,NA,NA
"290",578,"Lek4_2021_506_m","506_Fm2_m_Marginal","DbLb|RLb","Unpaired","Marginal","White/black",NA,"Fm2","Lek4","m",506,1,1,"3","3_Lek4_3","3_Lek4",11,"group_2",1,NA,1,1,0,0,NA,0,1,1,NA,0,11,NA,11,NA,0,10,10,NA,NA,NA,NA,NA,NA,1,0.16,1
"291",579,"Lek4_2021_506_m","506_Fm2_m_Marginal","YO|OLB","Unpaired","Marginal","black/beige",NA,"Fm2","Lek4","m",506,1,1,"3","3_Lek4_3","3_Lek4",12,"group_2",4,6,4,4,2,2,NA,0,6,6,NA,0,19,13,19,NA,0,17,16,NA,1,2,2,NA,NA,4,37.64,4
"292",580,"Lek4_2021_507_a","507_Fm2_a_Marginal","DbLb|OY","Unpaired","Marginal","Brown/white",NA,"Fm2","Lek4","a",507,2,2,"3","3_Lek4_3","3_Lek4",19,"group_2",1,NA,1,1,0,0,NA,0,1,1,NA,0,2,NA,2,NA,0,2,2,NA,NA,NA,NA,NA,NA,1,0.76,1
"293",581,"Lek4_2021_507_a","507_Fm2_a_Marginal","DbLb|RLb","Unpaired","Marginal","White/black",NA,"Fm2","Lek4","a",507,2,2,"3","3_Lek4_3","3_Lek4",20,"group_2",1,NA,1,1,0,0,NA,0,1,1,NA,0,1,NA,0,NA,1,1,NA,NA,1,NA,NA,NA,NA,1,1.04,1
"294",582,"Lek4_2021_507_a","507_Fm2_a_Marginal","YO|OLB","Unpaired","Marginal","black/beige",NA,"Fm2","Lek4","a",507,2,2,"3","3_Lek4_3","3_Lek4",21,"group_2",4,2,4,4,1,1,NA,0,5,5,NA,0,27,16,22,NA,5,29,24,NA,5,NA,NA,NA,NA,4,6.84,4
"295",583,"Lek4_2021_508_m","508_Fm2_m_Marginal","DbLb|OY","Unpaired","Marginal","Brown/white",NA,"Fm2","Lek4","m",508,3,3,"3","3_Lek4_3","3_Lek4",28,"group_2",1,NA,1,1,1,1,NA,0,2,2,NA,0,6,NA,5,NA,1,7,6,NA,1,1,1,NA,NA,1,1.8,1
"296",584,"Lek4_2021_508_m","508_Fm2_m_Marginal","DbLb|RLb","Unpaired","Marginal","White/black",NA,"Fm2","Lek4","m",508,3,3,"3","3_Lek4_3","3_Lek4",29,"group_2",0,NA,0,0,0,0,NA,0,0,0,NA,0,0,NA,0,NA,0,1,1,NA,NA,NA,NA,NA,NA,NA,NA,NA
"297",585,"Lek4_2021_508_m","508_Fm2_m_Marginal","YO|OLB","Unpaired","Marginal","black/beige",NA,"Fm2","Lek4","m",508,3,3,"3","3_Lek4_3","3_Lek4",30,"group_2",0,1,0,0,1,1,NA,0,1,1,NA,0,31,18,30,NA,1,32,30,NA,2,1,1,NA,NA,NA,NA,NA
"298",587,"Lek4_2021_509_a","509_Fm2_a_Satellite","DbLb|OY","Total","Satellite","Brown/white",NA,"Fm2","Lek4","a",509,4,4,"3","3_Lek4_3","3_Lek4",37,"group_2",3,0,3,3,1,1,0,NA,4,4,0,NA,2,0,2,0,NA,2,2,NA,NA,NA,NA,NA,NA,3,5.84,3
"299",590,"Lek4_2021_509_a","509_Fm2_a_Satellite","DbLb|RLb","Total","Satellite","White/black",NA,"Fm2","Lek4","a",509,4,4,"3","3_Lek4_3","3_Lek4",38,"group_2",2,0,2,2,0,0,0,NA,2,2,0,NA,0,0,0,0,NA,NA,NA,NA,NA,1,1,NA,NA,2,1.16,2
"300",593,"Lek4_2021_509_a","509_Fm2_a_Satellite","YO|OLB","Total","Satellite","black/beige",NA,"Fm2","Lek4","a",509,4,4,"3","3_Lek4_3","3_Lek4",39,"group_2",1,1,1,1,0,0,0,NA,1,1,0,NA,25,18,25,0,NA,24,24,NA,NA,NA,NA,NA,NA,1,1.12,1
"301",596,"Lek4_2021_510_a","510_Fm2_a_Satellite","DbLb|OY","Total","Satellite","Brown/white",NA,"Fm2","Lek4","a",510,5,5,"3","3_Lek4_3","3_Lek4",49,"group_2",0,NA,0,0,0,0,0,NA,0,0,0,NA,0,NA,0,0,NA,NA,NA,NA,NA,NA,NA,NA,NA,NA,NA,NA
"302",599,"Lek4_2021_510_a","510_Fm2_a_Satellite","DbLb|RLb","Total","Satellite","White/black",NA,"Fm2","Lek4","a",510,5,5,"3","3_Lek4_3","3_Lek4",50,"group_2",0,NA,0,0,1,1,0,NA,1,1,0,NA,2,NA,2,0,NA,NA,NA,NA,NA,NA,NA,NA,NA,NA,NA,NA
"303",602,"Lek4_2021_510_a","510_Fm2_a_Satellite","YO|OLB","Total","Satellite","black/beige",NA,"Fm2","Lek4","a",510,5,5,"3","3_Lek4_3","3_Lek4",51,"group_2",0,NA,0,0,3,3,0,NA,3,3,0,NA,25,NA,24,1,NA,NA,NA,NA,NA,NA,NA,NA,NA,NA,NA,NA
"304",605,"Lek4_2021_511_a","511_Fm2_a_Satellite","DbLb|OY","Total","Satellite","Brown/white",NA,"Fm2","Lek4","a",511,6,6,"3","3_Lek4_3","3_Lek4",67,"group_2",0,0,0,0,1,0,1,NA,1,0,1,NA,2,0,2,0,NA,NA,NA,NA,NA,NA,NA,NA,NA,NA,NA,NA
"305",608,"Lek4_2021_511_a","511_Fm2_a_Satellite","DbLb|RLb","Total","Satellite","White/black",NA,"Fm2","Lek4","a",511,6,6,"3","3_Lek4_3","3_Lek4",68,"group_2",0,0,0,0,0,0,0,NA,0,0,0,NA,2,0,2,0,NA,NA,NA,NA,NA,NA,NA,NA,NA,NA,NA,NA
"306",611,"Lek4_2021_511_a","511_Fm2_a_Satellite","YO|OLB","Total","Satellite","black/beige",NA,"Fm2","Lek4","a",511,6,6,"3","3_Lek4_3","3_Lek4",69,"group_2",0,0,0,0,1,1,0,NA,1,1,0,NA,23,21,23,0,NA,NA,NA,NA,NA,NA,NA,NA,NA,NA,NA,NA
"307",614,"Lek4_2021_512_m","512_Fm2_m_Satellite","DbLb|LbY","Total","Satellite","black/red face",NA,"Fm2","Lek4","m",512,1,7,"4","2_Lek4_4","2_Lek4",82,"group_8",2,0,2,2,0,0,0,NA,2,2,0,NA,2,0,1,1,NA,2,1,1,NA,NA,NA,NA,NA,2,6.879,2
"308",617,"Lek4_2021_512_m","512_Fm2_m_Satellite","GO|LbY","Total","Satellite","Grey Tiger",NA,"Fm2","Lek4","m",512,1,7,"4","2_Lek4_4","2_Lek4",83,"group_8",2,0,2,2,1,1,0,NA,3,3,0,NA,1,0,0,1,NA,3,2,1,NA,NA,NA,NA,NA,2,1.84,2
"309",620,"Lek4_2021_512_m","512_Fm2_m_Satellite","YO|OLB","Total","Satellite","black/beige",NA,"Fm2","Lek4","m",512,1,7,"4","2_Lek4_4","2_Lek4",84,"group_8",8,6,8,8,3,0,3,NA,11,8,3,NA,22,22,8,14,NA,23,8,15,NA,3,NA,3,NA,8,20.72,8
"310",623,"Lek4_2021_513_a","513_Fm2_a_Satellite","DbLb|LbY","Total","Satellite","black/red face",NA,"Fm2","Lek4","a",513,2,8,"4","2_Lek4_4","2_Lek4",91,"group_8",0,0,0,0,0,0,0,NA,0,0,0,NA,2,0,2,0,NA,1,1,NA,NA,NA,NA,NA,NA,NA,NA,NA
"311",626,"Lek4_2021_513_a","513_Fm2_a_Satellite","GO|LbY","Total","Satellite","Grey Tiger",NA,"Fm2","Lek4","a",513,2,8,"4","2_Lek4_4","2_Lek4",92,"group_8",0,0,0,0,0,0,0,NA,0,0,0,NA,0,0,0,0,NA,1,1,NA,NA,NA,NA,NA,NA,NA,NA,NA
"312",629,"Lek4_2021_513_a","513_Fm2_a_Satellite","YO|OLB","Total","Satellite","black/beige",NA,"Fm2","Lek4","a",513,2,8,"4","2_Lek4_4","2_Lek4",93,"group_8",5,3,5,5,0,0,0,NA,5,5,0,NA,14,15,14,0,NA,14,14,NA,NA,NA,NA,NA,NA,5,6.643,5
"313",632,"Lek4_2021_514_m","514_Fm2_m_Satellite","DbLb|LbY","Total","Satellite","black/red face",NA,"Fm2","Lek4","m",514,3,9,"4","2_Lek4_4","2_Lek4",106,"group_8",0,0,0,0,1,0,1,NA,1,0,1,NA,0,0,0,0,NA,NA,NA,NA,NA,1,NA,1,NA,NA,NA,NA
"314",635,"Lek4_2021_514_m","514_Fm2_m_Satellite","GO|LbY","Total","Satellite","Grey Tiger",NA,"Fm2","Lek4","m",514,3,9,"4","2_Lek4_4","2_Lek4",107,"group_8",1,0,1,1,0,0,0,NA,1,1,0,NA,1,0,1,0,NA,2,2,NA,NA,NA,NA,NA,NA,1,1.36,1
"315",638,"Lek4_2021_514_m","514_Fm2_m_Satellite","YO|OLB","Total","Satellite","black/beige",NA,"Fm2","Lek4","m",514,3,9,"4","2_Lek4_4","2_Lek4",108,"group_8",0,0,0,0,0,0,0,NA,0,0,0,NA,9,9,9,0,NA,9,9,NA,NA,NA,NA,NA,NA,NA,NA,NA
"316",640,"Lek4_2021_515_a","515_Fm2_a_Marginal","DbLb|LbY","Unpaired","Marginal","black/red face",NA,"Fm2","Lek4","a",515,4,10,"4","2_Lek4_4","2_Lek4",112,"group_8",0,NA,0,0,0,0,NA,0,0,0,NA,0,2,NA,0,NA,2,2,NA,NA,2,NA,NA,NA,NA,NA,NA,NA
"317",641,"Lek4_2021_515_a","515_Fm2_a_Marginal","GO|LbY","Unpaired","Marginal","Grey Tiger",NA,"Fm2","Lek4","a",515,4,10,"4","2_Lek4_4","2_Lek4",113,"group_8",1,NA,1,1,0,0,NA,0,1,1,NA,0,2,NA,2,NA,0,2,2,NA,NA,NA,NA,NA,NA,1,0.12,1
"318",642,"Lek4_2021_515_a","515_Fm2_a_Marginal","YO|OLB","Unpaired","Marginal","black/beige",NA,"Fm2","Lek4","a",515,4,10,"4","2_Lek4_4","2_Lek4",114,"group_8",1,2,1,1,2,1,NA,1,3,2,NA,1,15,9,9,NA,6,16,9,NA,7,2,1,NA,1,1,4.4,1
"319",643,"Lek4_2021_516_m","516_Fm2_m_Marginal","DbLb|LbY","Unpaired","Marginal","black/red face",NA,"Fm2","Lek4","m",516,5,11,"4","2_Lek4_4","2_Lek4",124,"group_8",0,NA,0,0,0,0,NA,0,0,0,NA,0,1,NA,1,NA,0,NA,NA,NA,NA,NA,NA,NA,NA,NA,NA,NA
"320",644,"Lek4_2021_516_m","516_Fm2_m_Marginal","GO|LbY","Unpaired","Marginal","Grey Tiger",NA,"Fm2","Lek4","m",516,5,11,"4","2_Lek4_4","2_Lek4",125,"group_8",0,NA,0,0,0,0,NA,0,0,0,NA,0,0,NA,0,NA,0,NA,NA,NA,NA,NA,NA,NA,NA,NA,NA,NA
"321",645,"Lek4_2021_516_m","516_Fm2_m_Marginal","YO|OLB","Unpaired","Marginal","black/beige",NA,"Fm2","Lek4","m",516,5,11,"4","2_Lek4_4","2_Lek4",126,"group_8",0,NA,0,0,2,2,NA,0,2,2,NA,0,9,NA,8,NA,1,NA,NA,NA,NA,NA,NA,NA,NA,NA,NA,NA
"322",646,"Lek4_2021_517_a","517_Fm2_a_Marginal","DbLb|LbY","Unpaired","Marginal","black/red face",NA,"Fm2","Lek4","a",517,6,12,"4","2_Lek4_4","2_Lek4",139,"group_8",0,NA,0,0,0,0,NA,0,0,0,NA,0,1,NA,0,NA,1,NA,NA,NA,NA,NA,NA,NA,NA,NA,NA,NA
"323",647,"Lek4_2021_517_a","517_Fm2_a_Marginal","GO|LbY","Unpaired","Marginal","Grey Tiger",NA,"Fm2","Lek4","a",517,6,12,"4","2_Lek4_4","2_Lek4",140,"group_8",0,NA,0,0,0,0,NA,0,0,0,NA,0,2,NA,2,NA,0,2,2,NA,NA,NA,NA,NA,NA,NA,NA,NA
"324",648,"Lek4_2021_517_a","517_Fm2_a_Marginal","YO|OLB","Unpaired","Marginal","black/beige",NA,"Fm2","Lek4","a",517,6,12,"4","2_Lek4_4","2_Lek4",141,"group_8",1,0,1,1,1,1,NA,0,2,2,NA,0,13,10,12,NA,1,12,10,NA,2,NA,NA,NA,NA,1,0.68,1
"325",649,"Lek4_2021_518_a","518_Fm2_a_Marginal","DbLb|OY","Unpaired","Marginal","Brown/white",NA,"Fm2","Lek4","a",518,1,13,"5","3_Lek4_5","3_Lek4",145,"group_2",0,NA,0,0,0,0,NA,0,0,0,NA,0,0,NA,0,NA,0,NA,NA,NA,NA,NA,NA,NA,NA,NA,NA,NA
"326",650,"Lek4_2021_518_a","518_Fm2_a_Marginal","DbLb|RLb","Unpaired","Marginal","White/black",NA,"Fm2","Lek4","a",518,1,13,"5","3_Lek4_5","3_Lek4",146,"group_2",0,NA,0,0,0,0,NA,0,0,0,NA,0,0,NA,0,NA,0,1,NA,NA,1,NA,NA,NA,NA,NA,NA,NA
"327",651,"Lek4_2021_518_a","518_Fm2_a_Marginal","YO|OLB","Unpaired","Marginal","black/beige",NA,"Fm2","Lek4","a",518,1,13,"5","3_Lek4_5","3_Lek4",147,"group_2",1,6,1,1,5,5,NA,0,6,6,NA,0,27,20,27,NA,0,28,28,NA,NA,4,4,NA,NA,1,4.12,1
"328",652,"Lek4_2021_519_m","519_Fm2_m_Marginal","DbLb|OY","Unpaired","Marginal","Brown/white",NA,"Fm2","Lek4","m",519,2,14,"5","3_Lek4_5","3_Lek4",157,"group_2",1,NA,1,1,0,0,NA,0,1,1,NA,0,8,NA,8,NA,0,NA,NA,NA,NA,NA,NA,NA,NA,NA,NA,NA
"329",653,"Lek4_2021_519_m","519_Fm2_m_Marginal","DbLb|RLb","Unpaired","Marginal","White/black",NA,"Fm2","Lek4","m",519,2,14,"5","3_Lek4_5","3_Lek4",158,"group_2",0,NA,0,0,0,0,NA,0,0,0,NA,0,2,NA,2,NA,0,NA,NA,NA,NA,NA,NA,NA,NA,NA,NA,NA
"330",654,"Lek4_2021_519_m","519_Fm2_m_Marginal","YO|OLB","Unpaired","Marginal","black/beige",NA,"Fm2","Lek4","m",519,2,14,"5","3_Lek4_5","3_Lek4",159,"group_2",7,7,7,7,1,1,NA,0,8,8,NA,0,46,29,46,NA,0,NA,NA,NA,NA,NA,NA,NA,NA,NA,NA,NA
"331",655,"Lek4_2021_520_a","520_Fm2_a_Marginal","DbLb|OY","Unpaired","Marginal","Brown/white",NA,"Fm2","Lek4","a",520,3,15,"5","3_Lek4_5","3_Lek4",169,"group_2",2,NA,2,2,0,0,NA,0,2,2,NA,0,1,NA,1,NA,0,NA,NA,NA,NA,NA,NA,NA,NA,NA,NA,NA
"332",656,"Lek4_2021_520_a","520_Fm2_a_Marginal","DbLb|RLb","Unpaired","Marginal","White/black",NA,"Fm2","Lek4","a",520,3,15,"5","3_Lek4_5","3_Lek4",170,"group_2",2,NA,2,2,1,1,NA,0,3,3,NA,0,0,NA,0,NA,0,NA,NA,NA,NA,NA,NA,NA,NA,NA,NA,NA
"333",657,"Lek4_2021_520_a","520_Fm2_a_Marginal","YO|OLB","Unpaired","Marginal","black/beige",NA,"Fm2","Lek4","a",520,3,15,"5","3_Lek4_5","3_Lek4",171,"group_2",2,2,2,2,1,1,NA,0,3,3,NA,0,11,3,11,NA,0,NA,NA,NA,NA,NA,NA,NA,NA,NA,NA,NA
"334",659,"Lek4_2021_521_m","521_Fm2_m_Satellite","DbLb|OY","Total","Satellite","brown black",NA,"Fm2","Lek4","m",521,4,16,"5","3_Lek4_5","3_Lek4",190,"group_2",2,NA,2,2,0,0,0,NA,2,2,0,NA,9,NA,9,0,NA,NA,NA,NA,NA,NA,NA,NA,NA,NA,NA,NA
"335",662,"Lek4_2021_521_m","521_Fm2_m_Satellite","DbLb|RLb","Total","Satellite","White/black",NA,"Fm2","Lek4","m",521,4,16,"5","3_Lek4_5","3_Lek4",191,"group_2",0,0,0,0,0,0,0,NA,0,0,0,NA,0,0,0,0,NA,NA,NA,NA,NA,NA,NA,NA,NA,NA,NA,NA
"336",665,"Lek4_2021_521_m","521_Fm2_m_Satellite","YO|OLB","Total","Satellite","black/beige",NA,"Fm2","Lek4","m",521,4,16,"5","3_Lek4_5","3_Lek4",192,"group_2",5,4,5,5,1,1,0,NA,6,6,0,NA,18,9,18,0,NA,NA,NA,NA,NA,NA,NA,NA,NA,NA,NA,NA
"337",668,"Lek4_2021_522_m","522_Fm2_m_Satellite","DbLb|OY","Total","Satellite","Brown/white",NA,"Fm2","Lek4","m",522,5,17,"5","3_Lek4_5","3_Lek4",202,"group_2",0,0,0,0,0,0,0,NA,0,0,0,NA,21,0,21,0,NA,NA,NA,NA,NA,NA,NA,NA,NA,NA,NA,NA
"338",671,"Lek4_2021_522_m","522_Fm2_m_Satellite","DbLb|RLb","Total","Satellite","White/black",NA,"Fm2","Lek4","m",522,5,17,"5","3_Lek4_5","3_Lek4",203,"group_2",0,0,0,0,0,0,0,NA,0,0,0,NA,0,0,0,0,NA,NA,NA,NA,NA,NA,NA,NA,NA,NA,NA,NA
"339",674,"Lek4_2021_522_m","522_Fm2_m_Satellite","YO|OLB","Total","Satellite","black/beige",NA,"Fm2","Lek4","m",522,5,17,"5","3_Lek4_5","3_Lek4",204,"group_2",2,1,2,2,0,0,0,NA,2,2,0,NA,14,5,14,0,NA,NA,NA,NA,NA,NA,NA,NA,NA,NA,NA,NA
"340",677,"Lek4_2021_523_m","523_Fm2_m_Satellite","DbLb|OY","Total","Satellite","Brown/white",NA,"Fm2","Lek4","m",523,6,18,"5","3_Lek4_5","3_Lek4",214,"group_2",0,0,0,0,2,2,0,NA,2,2,0,NA,9,0,9,0,NA,NA,NA,NA,NA,NA,NA,NA,NA,NA,NA,NA
"341",680,"Lek4_2021_523_m","523_Fm2_m_Satellite","DbLb|RLb","Total","Satellite","White/black",NA,"Fm2","Lek4","m",523,6,18,"5","3_Lek4_5","3_Lek4",215,"group_2",0,0,0,0,0,0,0,NA,0,0,0,NA,0,0,0,0,NA,NA,NA,NA,NA,NA,NA,NA,NA,NA,NA,NA
"342",683,"Lek4_2021_523_m","523_Fm2_m_Satellite","YO|OLB","Total","Satellite","black/beige",NA,"Fm2","Lek4","m",523,6,18,"5","3_Lek4_5","3_Lek4",216,"group_2",3,3,3,3,2,2,0,NA,5,5,0,NA,16,2,16,0,NA,NA,NA,NA,NA,NA,NA,NA,NA,NA,NA,NA
"343",685,"Lek4_2021_524_m","524_Fm2_m_Marginal","DbLb|LbY","Unpaired","Marginal","black/red face",NA,"Fm2","Lek4","m",524,1,19,"6","2_Lek4_6","2_Lek4",220,"group_8",0,NA,0,0,0,0,NA,0,0,0,NA,0,2,NA,2,NA,0,NA,NA,NA,NA,NA,NA,NA,NA,NA,NA,NA
"344",686,"Lek4_2021_524_m","524_Fm2_m_Marginal","GO|LbY","Unpaired","Marginal","Grey Tiger",NA,"Fm2","Lek4","m",524,1,19,"6","2_Lek4_6","2_Lek4",221,"group_8",0,NA,0,0,0,0,NA,0,0,0,NA,0,4,NA,1,NA,3,NA,NA,NA,NA,NA,NA,NA,NA,NA,NA,NA
"345",687,"Lek4_2021_524_m","524_Fm2_m_Marginal","YO|OLB","Unpaired","Marginal","black/beige",NA,"Fm2","Lek4","m",524,1,19,"6","2_Lek4_6","2_Lek4",222,"group_8",2,2,2,2,0,0,NA,0,2,2,NA,0,11,12,5,NA,6,NA,NA,NA,NA,NA,NA,NA,NA,NA,NA,NA
"346",688,"Lek4_2021_525_a","525_Fm2_a_Marginal","DbLb|LbY","Unpaired","Marginal","black/red face",NA,"Fm2","Lek4","a",525,2,20,"6","2_Lek4_6","2_Lek4",232,"group_8",0,NA,0,0,0,0,NA,0,0,0,NA,0,2,NA,2,NA,0,NA,NA,NA,NA,NA,NA,NA,NA,NA,NA,NA
"347",689,"Lek4_2021_525_a","525_Fm2_a_Marginal","GO|LbY","Unpaired","Marginal","Grey Tiger",NA,"Fm2","Lek4","a",525,2,20,"6","2_Lek4_6","2_Lek4",233,"group_8",0,NA,0,0,0,0,NA,0,0,0,NA,0,0,NA,0,NA,0,NA,NA,NA,NA,NA,NA,NA,NA,NA,NA,NA
"348",690,"Lek4_2021_525_a","525_Fm2_a_Marginal","YO|OLB","Unpaired","Marginal","black/beige",NA,"Fm2","Lek4","a",525,2,20,"6","2_Lek4_6","2_Lek4",234,"group_8",0,0,0,0,1,1,NA,0,1,1,NA,0,14,5,3,NA,11,NA,NA,NA,NA,NA,NA,NA,NA,NA,NA,NA
"349",691,"Lek4_2021_526_m","526_Fm2_m_Marginal","DbLb|LbY","Unpaired","Marginal","black/red face",NA,"Fm2","Lek4","m",526,3,21,"6","2_Lek4_6","2_Lek4",244,"group_8",0,NA,0,0,0,0,NA,0,0,0,NA,0,0,NA,0,NA,0,NA,NA,NA,NA,NA,NA,NA,NA,NA,NA,NA
"350",692,"Lek4_2021_526_m","526_Fm2_m_Marginal","GO|LbY","Unpaired","Marginal","Grey Tiger",NA,"Fm2","Lek4","m",526,3,21,"6","2_Lek4_6","2_Lek4",245,"group_8",1,NA,1,1,0,0,NA,0,1,1,NA,0,6,NA,3,NA,3,NA,NA,NA,NA,NA,NA,NA,NA,NA,NA,NA
"351",693,"Lek4_2021_526_m","526_Fm2_m_Marginal","YO|OLB","Unpaired","Marginal","black/beige",NA,"Fm2","Lek4","m",526,3,21,"6","2_Lek4_6","2_Lek4",246,"group_8",2,2,2,2,1,1,NA,0,3,3,NA,0,9,7,7,NA,2,NA,NA,NA,NA,NA,NA,NA,NA,NA,NA,NA
"352",695,"Lek4_2021_527_a","527_Fm2_a_Satellite","DbLb|LbY","Total","Satellite","black/red face",NA,"Fm2","Lek4","a",527,4,22,"6","2_Lek4_6","2_Lek4",262,"group_8",1,0,1,1,0,0,0,NA,1,1,0,NA,3,0,2,1,NA,3,2,1,NA,1,1,NA,NA,NA,NA,NA
"353",698,"Lek4_2021_527_a","527_Fm2_a_Satellite","GO|LbY","Total","Satellite","Grey Tiger",NA,"Fm2","Lek4","a",527,4,22,"6","2_Lek4_6","2_Lek4",263,"group_8",0,0,0,0,0,0,0,NA,0,0,0,NA,1,0,0,1,NA,1,NA,1,NA,NA,NA,NA,NA,NA,NA,NA
"354",701,"Lek4_2021_527_a","527_Fm2_a_Satellite","YO|OLB","Total","Satellite","black/beige",NA,"Fm2","Lek4","a",527,4,22,"6","2_Lek4_6","2_Lek4",264,"group_8",1,0,1,1,0,0,0,NA,1,1,0,NA,14,5,12,2,NA,13,11,2,NA,NA,NA,NA,NA,1,0.16,1
"355",704,"Lek4_2021_528_m","528_Fm2_m_Satellite","DbLb|LbY","Total","Satellite","black/red face",NA,"Fm2","Lek4","m",528,5,23,"6","2_Lek4_6","2_Lek4",268,"group_8",0,0,0,0,1,0,1,NA,1,0,1,NA,0,0,0,0,NA,NA,NA,NA,NA,NA,NA,NA,NA,NA,NA,NA
"356",707,"Lek4_2021_528_m","528_Fm2_m_Satellite","GO|LbY","Total","Satellite","Grey Tiger",NA,"Fm2","Lek4","m",528,5,23,"6","2_Lek4_6","2_Lek4",269,"group_8",0,0,0,0,0,0,0,NA,0,0,0,NA,0,0,0,0,NA,NA,NA,NA,NA,NA,NA,NA,NA,NA,NA,NA
"357",710,"Lek4_2021_528_m","528_Fm2_m_Satellite","YO|OLB","Total","Satellite","black/beige",NA,"Fm2","Lek4","m",528,5,23,"6","2_Lek4_6","2_Lek4",270,"group_8",0,0,0,0,0,0,0,NA,0,0,0,NA,14,6,14,0,NA,NA,NA,NA,NA,NA,NA,NA,NA,NA,NA,NA
"358",713,"Lek4_2021_529_a","529_Fm2_a_Satellite","DbLb|LbY","Total","Satellite","black/red face",NA,"Fm2","Lek4","a",529,6,24,"6","2_Lek4_6","2_Lek4",283,"group_8",1,0,1,1,0,0,0,NA,1,1,0,NA,1,0,0,1,NA,1,NA,1,NA,NA,NA,NA,NA,1,0.36,1
"359",716,"Lek4_2021_529_a","529_Fm2_a_Satellite","GO|LbY","Total","Satellite","Grey Tiger",NA,"Fm2","Lek4","a",529,6,24,"6","2_Lek4_6","2_Lek4",284,"group_8",0,0,0,0,0,0,0,NA,0,0,0,NA,2,0,0,2,NA,2,NA,2,NA,NA,NA,NA,NA,NA,NA,NA
"360",719,"Lek4_2021_529_a","529_Fm2_a_Satellite","YO|OLB","Total","Satellite","black/beige",NA,"Fm2","Lek4","a",529,6,24,"6","2_Lek4_6","2_Lek4",285,"group_8",4,3,4,4,1,1,0,NA,5,5,0,NA,10,10,10,0,NA,10,10,NA,NA,1,1,NA,NA,4,6.199,4
